<?xml version="1.0" encoding="UTF-8"?>
<!--
TERMS OF USE - SILICON LABORATORIES INC.
(With respect to Silicon Labs software components, this Software Bill of Materials (SBOM) is based upon Silicon Labs'
review and analysis of the code version when released.  It is provided "AS IS" and does not modify, change or alter
the terms or conditions of your use of Silicon Labs' software and/or SDKs based upon license terms and/or agreements
associated with this software or SDKs when distributed to you, received by you, or installed by you.  Further, no
warranties or obligations are created by this SBOM.  It is your obligation to comply with the terms of licenses
referenced in this SBOM.)
-->
<bom xmlns="http://cyclonedx.org/schema/bom/1.6" version="1">
  <metadata>
    <timestamp>2025-11-28T12:28:17Z</timestamp>
    <authors>
      <author>
        <name>Silicon Laboratories, Inc.</name>
      </author>
    </authors>
  </metadata>
  <components>
    <component bom-ref="simplicity_sdk:2025.6.2" type="library">
      <supplier>
        <name>Silicon Laboratories, Inc.</name>
      </supplier>
      <name>Simplicity SDK Suite</name>
      <version>2025.6.2</version>
      <components>
        <component bom-ref="simplicity_sdk:2025.6.2:MGM260PD32VNA" type="library">
          <name>MGM260PD32VNA</name>
          <version>2025.6.2</version>
	      <supplier>
	        <name>Silicon Laboratories, Inc.</name>
	      </supplier>
          <licenses>
            <expression>Zlib</expression>
          </licenses>
        </component>
        <component bom-ref="simplicity_sdk:2025.6.2:app_assert" type="library">
          <name>Assert</name>
          <version>2025.6.2</version>
	      <supplier>
	        <name>Silicon Laboratories, Inc.</name>
	      </supplier>
          <licenses>
            <expression>Zlib</expression>
          </licenses>
        </component>
        <component bom-ref="simplicity_sdk:2025.6.2:app_os_helper" type="library">
          <name>Application OS helper</name>
          <version>2025.6.2</version>
	      <supplier>
	        <name>Silicon Laboratories, Inc.</name>
	      </supplier>
          <licenses>
            <expression>Zlib</expression>
          </licenses>
        </component>
        <component bom-ref="simplicity_sdk:2025.6.2:bluetooth_feature_gatt" type="library">
          <name>GATT Client</name>
          <version>2025.6.2</version>
	      <supplier>
	        <name>Silicon Laboratories, Inc.</name>
	      </supplier>
          <licenses>
            <expression>MSLA</expression>
          </licenses>
        </component>
        <component bom-ref="simplicity_sdk:2025.6.2:bluetooth_feature_gatt_server" type="library">
          <name>GATT Server</name>
          <version>2025.6.2</version>
	      <supplier>
	        <name>Silicon Laboratories, Inc.</name>
	      </supplier>
          <licenses>
            <expression>MSLA</expression>
          </licenses>
        </component>
        <component bom-ref="simplicity_sdk:2025.6.2:bluetooth_feature_legacy_advertiser" type="library">
          <name>Legacy Advertising</name>
          <version>2025.6.2</version>
	      <supplier>
	        <name>Silicon Laboratories, Inc.</name>
	      </supplier>
          <licenses>
            <expression>MSLA</expression>
          </licenses>
        </component>
        <component bom-ref="simplicity_sdk:2025.6.2:bluetooth_feature_legacy_scanner" type="library">
          <name>Scanner for legacy advertisements</name>
          <version>2025.6.2</version>
	      <supplier>
	        <name>Silicon Laboratories, Inc.</name>
	      </supplier>
          <licenses>
            <expression>MSLA</expression>
          </licenses>
        </component>
        <component bom-ref="simplicity_sdk:2025.6.2:bluetooth_feature_sm" type="library">
          <name>Security Manager</name>
          <version>2025.6.2</version>
	      <supplier>
	        <name>Silicon Laboratories, Inc.</name>
	      </supplier>
          <licenses>
            <expression>MSLA</expression>
          </licenses>
        </component>
        <component bom-ref="simplicity_sdk:2025.6.2:bluetooth_feature_system" type="library">
          <name>System</name>
          <version>2025.6.2</version>
	      <supplier>
	        <name>Silicon Laboratories, Inc.</name>
	      </supplier>
          <licenses>
            <expression>MSLA</expression>
          </licenses>
        </component>
        <component bom-ref="simplicity_sdk:2025.6.2:bluetooth_stack" type="library">
          <name>Bluetooth Core</name>
          <version>2025.6.2</version>
	      <supplier>
	        <name>Silicon Laboratories, Inc.</name>
	      </supplier>
          <licenses>
            <expression>Zlib AND MSLA</expression>
          </licenses>
        </component>
        <component bom-ref="simplicity_sdk:2025.6.2:brd2713a_a04" type="library">
          <name>BRD2713A rev A04</name>
          <version>2025.6.2</version>
	      <supplier>
	        <name>Silicon Laboratories, Inc.</name>
	      </supplier>
          <licenses>
            <expression>Zlib</expression>
          </licenses>
        </component>
        <component bom-ref="simplicity_sdk:2025.6.2:clock_manager" type="library">
          <name>Clock Manager</name>
          <version>2025.6.2</version>
	      <supplier>
	        <name>Silicon Laboratories, Inc.</name>
	      </supplier>
          <licenses>
            <expression>Zlib</expression>
          </licenses>
        </component>
        <component bom-ref="simplicity_sdk:2025.6.2:device_init" type="library">
          <name>Automatic Device Initialization</name>
          <version>2025.6.2</version>
	      <supplier>
	        <name>Silicon Laboratories, Inc.</name>
	      </supplier>
          <licenses>
            <expression>Zlib</expression>
          </licenses>
        </component>
        <component bom-ref="simplicity_sdk:2025.6.2:gatt_configuration" type="library">
          <name>Static GATT Database and Configuration</name>
          <version>2025.6.2</version>
	      <supplier>
	        <name>Silicon Laboratories, Inc.</name>
	      </supplier>
          <licenses>
            <expression>Zlib</expression>
          </licenses>
        </component>
        <component bom-ref="simplicity_sdk:2025.6.2:gatt_service_device_information_override" type="library">
          <name>Device Information GATT Service Override</name>
          <version>2025.6.2</version>
	      <supplier>
	        <name>Silicon Laboratories, Inc.</name>
	      </supplier>
          <licenses>
            <expression>Zlib</expression>
          </licenses>
        </component>
        <component bom-ref="simplicity_sdk:2025.6.2:in_place_ota_dfu" type="library">
          <name>In-Place OTA DFU</name>
          <version>2025.6.2</version>
	      <supplier>
	        <name>Silicon Laboratories, Inc.</name>
	      </supplier>
          <licenses>
            <expression>Zlib</expression>
          </licenses>
        </component>
        <component bom-ref="simplicity_sdk:2025.6.2:mpu" type="library">
          <name>Simple MPU</name>
          <version>2025.6.2</version>
	      <supplier>
	        <name>Silicon Laboratories, Inc.</name>
	      </supplier>
          <licenses>
            <expression>Zlib</expression>
          </licenses>
        </component>
        <component bom-ref="simplicity_sdk:2025.6.2:rail_util_pti" type="library">
          <name>RAIL Utility, PTI</name>
          <version>2025.6.2</version>
	      <supplier>
	        <name>Silicon Laboratories, Inc.</name>
	      </supplier>
          <licenses>
            <expression>Zlib</expression>
          </licenses>
        </component>
        <component bom-ref="simplicity_sdk:2025.6.2:sl_main" type="library">
          <name>System Setup (sl_main)</name>
          <version>2025.6.2</version>
	      <supplier>
	        <name>Silicon Laboratories, Inc.</name>
	      </supplier>
          <licenses>
            <expression>Zlib</expression>
          </licenses>
        </component>
        <component bom-ref="simplicity_sdk:2025.6.2:psa_crypto_cipher_ecb" type="library">
          <name>ECB Mode</name>
          <version>2025.6.2</version>
	      <supplier>
	        <name>Silicon Laboratories, Inc.</name>
	      </supplier>
          <licenses>
            <expression>Apache-2.0</expression>
          </licenses>
          <pedigree>
            <ancestors>
              <component bom-ref="psa_crypto_cipher_ecb:v3.6.2" type="library">
                <supplier>
                  <name>Trusted Firmware</name>
                </supplier>
                <name>Mbed TLS</name>
                <version>v3.6.2</version>
                <pedigree>
                  <notes>Mbed TLS is a C library implementing the PSA Cryptography API, cryptographic primitives, X.509 certificate manipulation and the SSL/TLS and DTLS protocols</notes>
                </pedigree>
                <externalReferences>
                  <reference type="website">
                    <url>https://github.com/Mbed-TLS/mbedtls.git</url>
                  </reference>
                </externalReferences>
              </component>
            </ancestors>
          </pedigree>
        </component>
        <component bom-ref="simplicity_sdk:2025.6.2:psa_crypto_ecdh" type="library">
          <name>ECDH</name>
          <version>2025.6.2</version>
	      <supplier>
	        <name>Silicon Laboratories, Inc.</name>
	      </supplier>
          <licenses>
            <expression>Apache-2.0</expression>
          </licenses>
          <pedigree>
            <ancestors>
              <component bom-ref="psa_crypto_ecdh:v3.6.2" type="library">
                <supplier>
                  <name>Trusted Firmware</name>
                </supplier>
                <name>Mbed TLS</name>
                <version>v3.6.2</version>
                <pedigree>
                  <notes>Mbed TLS is a C library implementing the PSA Cryptography API, cryptographic primitives, X.509 certificate manipulation and the SSL/TLS and DTLS protocols</notes>
                </pedigree>
                <externalReferences>
                  <reference type="website">
                    <url>https://github.com/Mbed-TLS/mbedtls.git</url>
                  </reference>
                </externalReferences>
              </component>
            </ancestors>
          </pedigree>
        </component>
        <component bom-ref="simplicity_sdk:2025.6.2:device_manager" type="library">
          <name>Device Manager</name>
          <version>2025.6.2</version>
	      <supplier>
	        <name>Silicon Laboratories, Inc.</name>
	      </supplier>
          <licenses>
            <expression>Zlib</expression>
          </licenses>
        </component>
        <component bom-ref="simplicity_sdk:2025.6.2:power_manager" type="library">
          <name>Power Manager</name>
          <version>2025.6.2</version>
	      <supplier>
	        <name>Silicon Laboratories, Inc.</name>
	      </supplier>
          <licenses>
            <expression>Zlib</expression>
          </licenses>
        </component>
        <component bom-ref="simplicity_sdk:2025.6.2:psa_crypto_ecc_secp256r1" type="library">
          <name>secp256r1</name>
          <version>2025.6.2</version>
	      <supplier>
	        <name>Silicon Laboratories, Inc.</name>
	      </supplier>
          <licenses>
            <expression>Apache-2.0</expression>
          </licenses>
          <pedigree>
            <ancestors>
              <component bom-ref="psa_crypto_ecc_secp256r1:v3.6.2" type="library">
                <supplier>
                  <name>Trusted Firmware</name>
                </supplier>
                <name>Mbed TLS</name>
                <version>v3.6.2</version>
                <pedigree>
                  <notes>Mbed TLS is a C library implementing the PSA Cryptography API, cryptographic primitives, X.509 certificate manipulation and the SSL/TLS and DTLS protocols</notes>
                </pedigree>
                <externalReferences>
                  <reference type="website">
                    <url>https://github.com/Mbed-TLS/mbedtls.git</url>
                  </reference>
                </externalReferences>
              </component>
            </ancestors>
          </pedigree>
        </component>
        <component bom-ref="simplicity_sdk:2025.6.2:bit" type="library">
          <name>Bit Operations Library</name>
          <version>2025.6.2</version>
	      <supplier>
	        <name>Silicon Laboratories, Inc.</name>
	      </supplier>
          <licenses>
            <expression>Zlib</expression>
          </licenses>
        </component>
        <component bom-ref="simplicity_sdk:2025.6.2:psa_driver_common" type="library">
          <name>PSA Driver Common Source Code</name>
          <version>2025.6.2</version>
	      <supplier>
	        <name>Silicon Laboratories, Inc.</name>
	      </supplier>
          <licenses>
            <expression>Zlib</expression>
          </licenses>
        </component>
        <component bom-ref="simplicity_sdk:2025.6.2:bluetooth_controller_libraries" type="library">
          <name>Bluetooth Low Energy Controller Library</name>
          <version>2025.6.2</version>
	      <supplier>
	        <name>Silicon Laboratories, Inc.</name>
	      </supplier>
          <licenses>
            <expression>MSLA</expression>
          </licenses>
        </component>
        <component bom-ref="simplicity_sdk:2025.6.2:clock_manager_init_hal_s2" type="library">
          <name>Clock Manager Init HAL Series 2</name>
          <version>2025.6.2</version>
	      <supplier>
	        <name>Silicon Laboratories, Inc.</name>
	      </supplier>
          <licenses>
            <expression>Zlib</expression>
          </licenses>
        </component>
        <component bom-ref="simplicity_sdk:2025.6.2:hal_system" type="library">
          <name>SYSTEM</name>
          <version>2025.6.2</version>
	      <supplier>
	        <name>Silicon Laboratories, Inc.</name>
	      </supplier>
          <licenses>
            <expression>Zlib</expression>
          </licenses>
        </component>
        <component bom-ref="simplicity_sdk:2025.6.2:psa_crypto_trng" type="library">
          <name>TRNG</name>
          <version>2025.6.2</version>
	      <supplier>
	        <name>Silicon Laboratories, Inc.</name>
	      </supplier>
          <licenses>
            <expression>Zlib</expression>
          </licenses>
        </component>
        <component bom-ref="simplicity_sdk:2025.6.2:slist" type="library">
          <name>Single Link List</name>
          <version>2025.6.2</version>
	      <supplier>
	        <name>Silicon Laboratories, Inc.</name>
	      </supplier>
          <licenses>
            <expression>Zlib</expression>
          </licenses>
        </component>
        <component bom-ref="simplicity_sdk:2025.6.2:device_gpio" type="library">
          <name>Device Manager GPIO</name>
          <version>2025.6.2</version>
	      <supplier>
	        <name>Silicon Laboratories, Inc.</name>
	      </supplier>
          <licenses>
            <expression>Zlib</expression>
          </licenses>
        </component>
        <component bom-ref="simplicity_sdk:2025.6.2:emlib_ldma" type="library">
          <name>LDMA</name>
          <version>2025.6.2</version>
	      <supplier>
	        <name>Silicon Laboratories, Inc.</name>
	      </supplier>
          <licenses>
            <expression>Zlib</expression>
          </licenses>
        </component>
        <component bom-ref="simplicity_sdk:2025.6.2:nvm3_source" type="library">
          <name>NVM3 Core (source)</name>
          <version>2025.6.2</version>
	      <supplier>
	        <name>Silicon Laboratories, Inc.</name>
	      </supplier>
          <licenses>
            <expression>Zlib</expression>
          </licenses>
        </component>
        <component bom-ref="simplicity_sdk:2025.6.2:nvm3_default_config" type="library">
          <name>NVM3 Default Config</name>
          <version>2025.6.2</version>
	      <supplier>
	        <name>Silicon Laboratories, Inc.</name>
	      </supplier>
          <licenses>
            <expression>Zlib</expression>
          </licenses>
        </component>
        <component bom-ref="simplicity_sdk:2025.6.2:bluetooth_crypto" type="library">
          <name>Bluetooth Core Crypto Configuration</name>
          <version>2025.6.2</version>
	      <supplier>
	        <name>Silicon Laboratories, Inc.</name>
	      </supplier>
          <licenses>
            <expression>MSLA</expression>
          </licenses>
        </component>
        <component bom-ref="simplicity_sdk:2025.6.2:psa_crypto_config" type="library">
          <name>Configuration</name>
          <version>2025.6.2</version>
	      <supplier>
	        <name>Silicon Laboratories, Inc.</name>
	      </supplier>
          <licenses>
            <expression>Zlib AND Apache-2.0</expression>
          </licenses>
          <pedigree>
            <ancestors>
              <component bom-ref="psa_crypto_config:v3.6.2" type="library">
                <supplier>
                  <name>Trusted Firmware</name>
                </supplier>
                <name>Mbed TLS</name>
                <version>v3.6.2</version>
                <pedigree>
                  <notes>Mbed TLS is a C library implementing the PSA Cryptography API, cryptographic primitives, X.509 certificate manipulation and the SSL/TLS and DTLS protocols</notes>
                </pedigree>
                <externalReferences>
                  <reference type="website">
                    <url>https://github.com/Mbed-TLS/mbedtls.git</url>
                  </reference>
                </externalReferences>
              </component>
            </ancestors>
          </pedigree>
        </component>
        <component bom-ref="simplicity_sdk:2025.6.2:psa_crypto_aes" type="library">
          <name>AES Block Cipher</name>
          <version>2025.6.2</version>
	      <supplier>
	        <name>Silicon Laboratories, Inc.</name>
	      </supplier>
          <licenses>
            <expression>Apache-2.0</expression>
          </licenses>
          <pedigree>
            <ancestors>
              <component bom-ref="psa_crypto_aes:v3.6.2" type="library">
                <supplier>
                  <name>Trusted Firmware</name>
                </supplier>
                <name>Mbed TLS</name>
                <version>v3.6.2</version>
                <pedigree>
                  <notes>Mbed TLS is a C library implementing the PSA Cryptography API, cryptographic primitives, X.509 certificate manipulation and the SSL/TLS and DTLS protocols</notes>
                </pedigree>
                <externalReferences>
                  <reference type="website">
                    <url>https://github.com/Mbed-TLS/mbedtls.git</url>
                  </reference>
                </externalReferences>
              </component>
            </ancestors>
          </pedigree>
        </component>
        <component bom-ref="simplicity_sdk:2025.6.2:bluetooth_configuration" type="library">
          <name>Instantiation of Bluetooth configuration</name>
          <version>2025.6.2</version>
	      <supplier>
	        <name>Silicon Laboratories, Inc.</name>
	      </supplier>
          <licenses>
            <expression>MSLA</expression>
          </licenses>
        </component>
        <component bom-ref="simplicity_sdk:2025.6.2:hal_prs" type="library">
          <name>PRS</name>
          <version>2025.6.2</version>
	      <supplier>
	        <name>Silicon Laboratories, Inc.</name>
	      </supplier>
          <licenses>
            <expression>Zlib</expression>
          </licenses>
        </component>
        <component bom-ref="simplicity_sdk:2025.6.2:se_manager_crypto" type="library">
          <name>Crypto</name>
          <version>2025.6.2</version>
	      <supplier>
	        <name>Silicon Laboratories, Inc.</name>
	      </supplier>
          <licenses>
            <expression>Zlib</expression>
          </licenses>
        </component>
        <component bom-ref="simplicity_sdk:2025.6.2:device_init_dcdc" type="library">
          <name>DC-DC Converter</name>
          <version>2025.6.2</version>
	      <supplier>
	        <name>Silicon Laboratories, Inc.</name>
	      </supplier>
          <licenses>
            <expression>Zlib</expression>
          </licenses>
        </component>
        <component bom-ref="simplicity_sdk:2025.6.2:sli_crypto_s2" type="library">
          <name>Accelerated Crypto Primitives for Series-2 devices</name>
          <version>2025.6.2</version>
	      <supplier>
	        <name>Silicon Laboratories, Inc.</name>
	      </supplier>
          <licenses>
            <expression>Zlib</expression>
          </licenses>
        </component>
        <component bom-ref="simplicity_sdk:2025.6.2:enum" type="library">
          <name>Enumerations</name>
          <version>2025.6.2</version>
	      <supplier>
	        <name>Silicon Laboratories, Inc.</name>
	      </supplier>
          <licenses>
            <expression>Zlib</expression>
          </licenses>
        </component>
        <component bom-ref="simplicity_sdk:2025.6.2:power_manager_core_impl_sleep_loop" type="library">
          <name>Power Manager: Core implementation</name>
          <version>2025.6.2</version>
	      <supplier>
	        <name>Silicon Laboratories, Inc.</name>
	      </supplier>
          <licenses>
            <expression>Zlib</expression>
          </licenses>
        </component>
        <component bom-ref="simplicity_sdk:2025.6.2:rail_lib_config_module" type="library">
          <name>RAIL Library, Radio Configurations for Modules</name>
          <version>2025.6.2</version>
	      <supplier>
	        <name>Silicon Laboratories, Inc.</name>
	      </supplier>
          <licenses>
            <expression>MSLA</expression>
          </licenses>
        </component>
        <component bom-ref="simplicity_sdk:2025.6.2:memory_manager_retention_control" type="library">
          <name>Memory Manager Retention Control</name>
          <version>2025.6.2</version>
	      <supplier>
	        <name>Silicon Laboratories, Inc.</name>
	      </supplier>
          <licenses>
            <expression>Zlib</expression>
          </licenses>
        </component>
        <component bom-ref="simplicity_sdk:2025.6.2:bluetooth_feature_gap" type="library">
          <name>GAP</name>
          <version>2025.6.2</version>
	      <supplier>
	        <name>Silicon Laboratories, Inc.</name>
	      </supplier>
          <licenses>
            <expression>MSLA</expression>
          </licenses>
        </component>
        <component bom-ref="simplicity_sdk:2025.6.2:nvm3_optimization_disable" type="library">
          <name>NVM3 disable optimization</name>
          <version>2025.6.2</version>
	      <supplier>
	        <name>Silicon Laboratories, Inc.</name>
	      </supplier>
          <licenses>
            <expression>Zlib</expression>
          </licenses>
        </component>
        <component bom-ref="simplicity_sdk:2025.6.2:sli_protocol_crypto" type="library">
          <name>Accelerated Crypto Primitives (CRYPTO and RADIOAES)</name>
          <version>2025.6.2</version>
	      <supplier>
	        <name>Silicon Laboratories, Inc.</name>
	      </supplier>
          <licenses>
            <expression>Zlib</expression>
          </licenses>
        </component>
        <component bom-ref="simplicity_sdk:2025.6.2:sl_main_memory_init" type="library">
          <name>sl_main Setup</name>
          <version>2025.6.2</version>
	      <supplier>
	        <name>Silicon Laboratories, Inc.</name>
	      </supplier>
          <licenses>
            <expression>Zlib</expression>
          </licenses>
        </component>
        <component bom-ref="simplicity_sdk:2025.6.2:bluetooth_gattdb_definition" type="library">
          <name>Bluetooth GATT database structure definition</name>
          <version>2025.6.2</version>
	      <supplier>
	        <name>Silicon Laboratories, Inc.</name>
	      </supplier>
          <licenses>
            <expression>MSLA</expression>
          </licenses>
        </component>
        <component bom-ref="simplicity_sdk:2025.6.2:atomic" type="library">
          <name>Atomic Operations Library</name>
          <version>2025.6.2</version>
	      <supplier>
	        <name>Silicon Laboratories, Inc.</name>
	      </supplier>
          <licenses>
            <expression>Zlib</expression>
          </licenses>
        </component>
        <component bom-ref="simplicity_sdk:2025.6.2:code_classification" type="library">
          <name>Code Classification</name>
          <version>2025.6.2</version>
	      <supplier>
	        <name>Silicon Laboratories, Inc.</name>
	      </supplier>
          <licenses>
            <expression>Zlib</expression>
          </licenses>
        </component>
        <component bom-ref="simplicity_sdk:2025.6.2:memory_manager" type="library">
          <name>Memory Manager</name>
          <version>2025.6.2</version>
	      <supplier>
	        <name>Silicon Laboratories, Inc.</name>
	      </supplier>
          <licenses>
            <expression>Zlib</expression>
          </licenses>
        </component>
        <component bom-ref="simplicity_sdk:2025.6.2:status" type="library">
          <name>Status Codes Definitions</name>
          <version>2025.6.2</version>
	      <supplier>
	        <name>Silicon Laboratories, Inc.</name>
	      </supplier>
          <licenses>
            <expression>Zlib</expression>
          </licenses>
        </component>
        <component bom-ref="simplicity_sdk:2025.6.2:emlib_chip" type="library">
          <name>CHIP</name>
          <version>2025.6.2</version>
	      <supplier>
	        <name>Silicon Laboratories, Inc.</name>
	      </supplier>
          <licenses>
            <expression>Zlib</expression>
          </licenses>
        </component>
        <component bom-ref="simplicity_sdk:2025.6.2:rail_lib_singleprotocol" type="library">
          <name>RAIL Library, Single Protocol</name>
          <version>2025.6.2</version>
	      <supplier>
	        <name>Silicon Laboratories, Inc.</name>
	      </supplier>
          <licenses>
            <expression>MSLA</expression>
          </licenses>
        </component>
        <component bom-ref="simplicity_sdk:2025.6.2:bluetooth_feature_builtin_bonding_database" type="library">
          <name>Built-in Bluetooth bonding database</name>
          <version>2025.6.2</version>
	      <supplier>
	        <name>Silicon Laboratories, Inc.</name>
	      </supplier>
          <licenses>
            <expression>MSLA</expression>
          </licenses>
        </component>
        <component bom-ref="simplicity_sdk:2025.6.2:memory_manager_pool" type="library">
          <name>Memory Manager Memory Pool</name>
          <version>2025.6.2</version>
	      <supplier>
	        <name>Silicon Laboratories, Inc.</name>
	      </supplier>
          <licenses>
            <expression>Zlib</expression>
          </licenses>
        </component>
        <component bom-ref="simplicity_sdk:2025.6.2:bluetooth_device_compatibility" type="library">
          <name>Device compatibility defines for Bluetooth features</name>
          <version>2025.6.2</version>
	      <supplier>
	        <name>Silicon Laboratories, Inc.</name>
	      </supplier>
          <licenses>
            <expression>MSLA</expression>
          </licenses>
        </component>
        <component bom-ref="simplicity_sdk:2025.6.2:MGM260PD32VNA_config" type="library">
          <name>MGM260PD32VNA config</name>
          <version>2025.6.2</version>
	      <supplier>
	        <name>Silicon Laboratories, Inc.</name>
	      </supplier>
          <licenses>
            <expression>Zlib</expression>
          </licenses>
        </component>
        <component bom-ref="simplicity_sdk:2025.6.2:emlib_cmu" type="library">
          <name>CMU</name>
          <version>2025.6.2</version>
	      <supplier>
	        <name>Silicon Laboratories, Inc.</name>
	      </supplier>
          <licenses>
            <expression>Zlib</expression>
          </licenses>
        </component>
        <component bom-ref="simplicity_sdk:2025.6.2:bluetooth_host_release_libraries" type="library">
          <name>Bluetooth Low Energy Host Library</name>
          <version>2025.6.2</version>
	      <supplier>
	        <name>Silicon Laboratories, Inc.</name>
	      </supplier>
          <licenses>
            <expression>MSLA</expression>
          </licenses>
        </component>
        <component bom-ref="simplicity_sdk:2025.6.2:emlib_syscfg" type="library">
          <name>SYSCFG</name>
          <version>2025.6.2</version>
	      <supplier>
	        <name>Silicon Laboratories, Inc.</name>
	      </supplier>
          <licenses>
            <expression>Zlib</expression>
          </licenses>
        </component>
        <component bom-ref="simplicity_sdk:2025.6.2:trustzone_unaware" type="library">
          <name>TrustZone Unaware</name>
          <version>2025.6.2</version>
	      <supplier>
	        <name>Silicon Laboratories, Inc.</name>
	      </supplier>
          <licenses>
            <expression>Zlib</expression>
          </licenses>
        </component>
        <component bom-ref="simplicity_sdk:2025.6.2:psa_se_driver" type="library">
          <name>PSA SE Driver Source Code</name>
          <version>2025.6.2</version>
	      <supplier>
	        <name>Silicon Laboratories, Inc.</name>
	      </supplier>
          <licenses>
            <expression>Zlib</expression>
          </licenses>
        </component>
        <component bom-ref="simplicity_sdk:2025.6.2:hfxo_manager" type="library">
          <name>HFXO Manager</name>
          <version>2025.6.2</version>
	      <supplier>
	        <name>Silicon Laboratories, Inc.</name>
	      </supplier>
          <licenses>
            <expression>Zlib</expression>
          </licenses>
        </component>
        <component bom-ref="simplicity_sdk:2025.6.2:hal_common" type="library">
          <name>Common Headers</name>
          <version>2025.6.2</version>
	      <supplier>
	        <name>Silicon Laboratories, Inc.</name>
	      </supplier>
          <licenses>
            <expression>Zlib</expression>
          </licenses>
        </component>
        <component bom-ref="simplicity_sdk:2025.6.2:bgapi_protocol" type="library">
          <name>BGAPI Protocol</name>
          <version>2025.6.2</version>
	      <supplier>
	        <name>Silicon Laboratories, Inc.</name>
	      </supplier>
          <licenses>
            <expression>Zlib AND MSLA</expression>
          </licenses>
        </component>
        <component bom-ref="simplicity_sdk:2025.6.2:device_peripheral_hal" type="library">
          <name>Device Manager Peripheral HAL</name>
          <version>2025.6.2</version>
	      <supplier>
	        <name>Silicon Laboratories, Inc.</name>
	      </supplier>
          <licenses>
            <expression>Zlib</expression>
          </licenses>
        </component>
        <component bom-ref="simplicity_sdk:2025.6.2:brd2713a_config" type="library">
          <name>brd2713a config</name>
          <version>2025.6.2</version>
	      <supplier>
	        <name>Silicon Laboratories, Inc.</name>
	      </supplier>
          <licenses>
            <expression>Zlib</expression>
          </licenses>
        </component>
        <component bom-ref="simplicity_sdk:2025.6.2:interrupt_manager" type="library">
          <name>Interrupt Manager</name>
          <version>2025.6.2</version>
	      <supplier>
	        <name>Silicon Laboratories, Inc.</name>
	      </supplier>
          <licenses>
            <expression>Zlib</expression>
          </licenses>
        </component>
        <component bom-ref="simplicity_sdk:2025.6.2:ecode" type="library">
          <name>EMDRV Common Headers</name>
          <version>2025.6.2</version>
	      <supplier>
	        <name>Silicon Laboratories, Inc.</name>
	      </supplier>
          <licenses>
            <expression>Zlib</expression>
          </licenses>
        </component>
        <component bom-ref="simplicity_sdk:2025.6.2:psa_crypto" type="library">
          <name>PSA Crypto</name>
          <version>2025.6.2</version>
	      <supplier>
	        <name>Silicon Laboratories, Inc.</name>
	      </supplier>
          <licenses>
            <expression>Zlib AND Apache-2.0</expression>
          </licenses>
          <pedigree>
            <ancestors>
              <component bom-ref="psa_crypto:v3.6.2" type="library">
                <supplier>
                  <name>Trusted Firmware</name>
                </supplier>
                <name>Mbed TLS</name>
                <version>v3.6.2</version>
                <pedigree>
                  <notes>Mbed TLS is a C library implementing the PSA Cryptography API, cryptographic primitives, X.509 certificate manipulation and the SSL/TLS and DTLS protocols</notes>
                </pedigree>
                <externalReferences>
                  <reference type="website">
                    <url>https://github.com/Mbed-TLS/mbedtls.git</url>
                  </reference>
                </externalReferences>
              </component>
            </ancestors>
          </pedigree>
        </component>
        <component bom-ref="simplicity_sdk:2025.6.2:emlib_prs" type="library">
          <name>PRS</name>
          <version>2025.6.2</version>
	      <supplier>
	        <name>Silicon Laboratories, Inc.</name>
	      </supplier>
          <licenses>
            <expression>Zlib</expression>
          </licenses>
        </component>
        <component bom-ref="simplicity_sdk:2025.6.2:psa_driver" type="library">
          <name>Drivers for Crypto Acceleration</name>
          <version>2025.6.2</version>
	      <supplier>
	        <name>Silicon Laboratories, Inc.</name>
	      </supplier>
          <licenses>
            <expression>Zlib</expression>
          </licenses>
        </component>
        <component bom-ref="simplicity_sdk:2025.6.2:clock_manager_runtime" type="library">
          <name>Clock Manager Runtime</name>
          <version>2025.6.2</version>
	      <supplier>
	        <name>Silicon Laboratories, Inc.</name>
	      </supplier>
          <licenses>
            <expression>Zlib</expression>
          </licenses>
        </component>
        <component bom-ref="simplicity_sdk:2025.6.2:psa_crypto_source" type="library">
          <name>Source Code</name>
          <version>2025.6.2</version>
	      <supplier>
	        <name>Silicon Laboratories, Inc.</name>
	      </supplier>
          <licenses>
            <expression>Apache-2.0</expression>
          </licenses>
          <pedigree>
            <ancestors>
              <component bom-ref="psa_crypto_source:v3.6.2" type="library">
                <supplier>
                  <name>Trusted Firmware</name>
                </supplier>
                <name>Mbed TLS</name>
                <version>v3.6.2</version>
                <pedigree>
                  <notes>Mbed TLS is a C library implementing the PSA Cryptography API, cryptographic primitives, X.509 certificate manipulation and the SSL/TLS and DTLS protocols</notes>
                </pedigree>
                <externalReferences>
                  <reference type="website">
                    <url>https://github.com/Mbed-TLS/mbedtls.git</url>
                  </reference>
                </externalReferences>
              </component>
            </ancestors>
          </pedigree>
        </component>
        <component bom-ref="simplicity_sdk:2025.6.2:memory_manager_retention_control_hal" type="library">
          <name>Memory Manager Retention Control HAL</name>
          <version>2025.6.2</version>
	      <supplier>
	        <name>Silicon Laboratories, Inc.</name>
	      </supplier>
          <licenses>
            <expression>Zlib</expression>
          </licenses>
        </component>
        <component bom-ref="simplicity_sdk:2025.6.2:sli_psec_osal" type="library">
          <name>OS Abstraction Layer</name>
          <version>2025.6.2</version>
	      <supplier>
	        <name>Silicon Laboratories, Inc.</name>
	      </supplier>
          <licenses>
            <expression>Zlib</expression>
          </licenses>
        </component>
        <component bom-ref="simplicity_sdk:2025.6.2:udelay" type="library">
          <name>Microsecond Delay</name>
          <version>2025.6.2</version>
	      <supplier>
	        <name>Silicon Laboratories, Inc.</name>
	      </supplier>
          <licenses>
            <expression>Zlib</expression>
          </licenses>
        </component>
        <component bom-ref="simplicity_sdk:2025.6.2:device_peripheral" type="library">
          <name>Device Manager Peripheral</name>
          <version>2025.6.2</version>
	      <supplier>
	        <name>Silicon Laboratories, Inc.</name>
	      </supplier>
          <licenses>
            <expression>Zlib</expression>
          </licenses>
        </component>
        <component bom-ref="simplicity_sdk:2025.6.2:nvm3_default" type="library">
          <name>NVM3 Default Instance</name>
          <version>2025.6.2</version>
	      <supplier>
	        <name>Silicon Laboratories, Inc.</name>
	      </supplier>
          <licenses>
            <expression>Zlib</expression>
          </licenses>
        </component>
        <component bom-ref="simplicity_sdk:2025.6.2:app_timer" type="library">
          <name>Timer</name>
          <version>2025.6.2</version>
	      <supplier>
	        <name>Silicon Laboratories, Inc.</name>
	      </supplier>
          <licenses>
            <expression>Zlib</expression>
          </licenses>
        </component>
        <component bom-ref="simplicity_sdk:2025.6.2:se_manager_mailbox" type="library">
          <name>SE mailbox utilities</name>
          <version>2025.6.2</version>
	      <supplier>
	        <name>Silicon Laboratories, Inc.</name>
	      </supplier>
          <licenses>
            <expression>Zlib</expression>
          </licenses>
        </component>
        <component bom-ref="simplicity_sdk:2025.6.2:se_manager_config" type="library">
          <name>Config</name>
          <version>2025.6.2</version>
	      <supplier>
	        <name>Silicon Laboratories, Inc.</name>
	      </supplier>
          <licenses>
            <expression>Zlib</expression>
          </licenses>
        </component>
        <component bom-ref="simplicity_sdk:2025.6.2:psa_crypto_ecc" type="library">
          <name>ECC</name>
          <version>2025.6.2</version>
	      <supplier>
	        <name>Silicon Laboratories, Inc.</name>
	      </supplier>
          <licenses>
            <expression>Apache-2.0</expression>
          </licenses>
          <pedigree>
            <ancestors>
              <component bom-ref="psa_crypto_ecc:v3.6.2" type="library">
                <supplier>
                  <name>Trusted Firmware</name>
                </supplier>
                <name>Mbed TLS</name>
                <version>v3.6.2</version>
                <pedigree>
                  <notes>Mbed TLS is a C library implementing the PSA Cryptography API, cryptographic primitives, X.509 certificate manipulation and the SSL/TLS and DTLS protocols</notes>
                </pedigree>
                <externalReferences>
                  <reference type="website">
                    <url>https://github.com/Mbed-TLS/mbedtls.git</url>
                  </reference>
                </externalReferences>
              </component>
            </ancestors>
          </pedigree>
        </component>
        <component bom-ref="simplicity_sdk:2025.6.2:power_manager_handler_implementation" type="library">
          <name>Power Manager: Handler</name>
          <version>2025.6.2</version>
	      <supplier>
	        <name>Silicon Laboratories, Inc.</name>
	      </supplier>
          <licenses>
            <expression>Zlib</expression>
          </licenses>
        </component>
        <component bom-ref="simplicity_sdk:2025.6.2:mbedtls_source" type="library">
          <name>Source Code</name>
          <version>2025.6.2</version>
	      <supplier>
	        <name>Silicon Laboratories, Inc.</name>
	      </supplier>
          <licenses>
            <expression>Apache-2.0</expression>
          </licenses>
          <pedigree>
            <ancestors>
              <component bom-ref="mbedtls_source:v3.6.2" type="library">
                <supplier>
                  <name>Trusted Firmware</name>
                </supplier>
                <name>Mbed TLS</name>
                <version>v3.6.2</version>
                <pedigree>
                  <notes>Mbed TLS is a C library implementing the PSA Cryptography API, cryptographic primitives, X.509 certificate manipulation and the SSL/TLS and DTLS protocols</notes>
                </pedigree>
                <externalReferences>
                  <reference type="website">
                    <url>https://github.com/Mbed-TLS/mbedtls.git</url>
                  </reference>
                </externalReferences>
              </component>
            </ancestors>
          </pedigree>
        </component>
        <component bom-ref="simplicity_sdk:2025.6.2:bluetooth_common_libraries_release" type="library">
          <name>bluetooth_common_libraries_release</name>
          <version>2025.6.2</version>
	      <supplier>
	        <name>Silicon Laboratories, Inc.</name>
	      </supplier>
          <licenses>
            <expression>MSLA</expression>
          </licenses>
        </component>
        <component bom-ref="simplicity_sdk:2025.6.2:memory_profiler_api" type="library">
          <name>Memory Profiler API</name>
          <version>2025.6.2</version>
	      <supplier>
	        <name>Silicon Laboratories, Inc.</name>
	      </supplier>
          <licenses>
            <expression>Zlib</expression>
          </licenses>
        </component>
        <component bom-ref="simplicity_sdk:2025.6.2:board_control" type="library">
          <name>Board Control</name>
          <version>2025.6.2</version>
	      <supplier>
	        <name>Silicon Laboratories, Inc.</name>
	      </supplier>
          <licenses>
            <expression>Zlib</expression>
          </licenses>
        </component>
        <component bom-ref="simplicity_sdk:2025.6.2:device_init_core" type="library">
          <name>Core</name>
          <version>2025.6.2</version>
	      <supplier>
	        <name>Silicon Laboratories, Inc.</name>
	      </supplier>
          <licenses>
            <expression>Zlib</expression>
          </licenses>
        </component>
        <component bom-ref="simplicity_sdk:2025.6.2:power_manager_core" type="library">
          <name>Power Manager: Core</name>
          <version>2025.6.2</version>
	      <supplier>
	        <name>Silicon Laboratories, Inc.</name>
	      </supplier>
          <licenses>
            <expression>Zlib</expression>
          </licenses>
        </component>
        <component bom-ref="simplicity_sdk:2025.6.2:psa_crypto_cmac" type="library">
          <name>CMAC</name>
          <version>2025.6.2</version>
	      <supplier>
	        <name>Silicon Laboratories, Inc.</name>
	      </supplier>
          <licenses>
            <expression>Apache-2.0</expression>
          </licenses>
          <pedigree>
            <ancestors>
              <component bom-ref="psa_crypto_cmac:v3.6.2" type="library">
                <supplier>
                  <name>Trusted Firmware</name>
                </supplier>
                <name>Mbed TLS</name>
                <version>v3.6.2</version>
                <pedigree>
                  <notes>Mbed TLS is a C library implementing the PSA Cryptography API, cryptographic primitives, X.509 certificate manipulation and the SSL/TLS and DTLS protocols</notes>
                </pedigree>
                <externalReferences>
                  <reference type="website">
                    <url>https://github.com/Mbed-TLS/mbedtls.git</url>
                  </reference>
                </externalReferences>
              </component>
            </ancestors>
          </pedigree>
        </component>
        <component bom-ref="simplicity_sdk:2025.6.2:mbedtls_slcrypto_driver" type="library">
          <name>Drivers for Silicon Labs Crypto Acceleration</name>
          <version>2025.6.2</version>
	      <supplier>
	        <name>Silicon Laboratories, Inc.</name>
	      </supplier>
          <licenses>
            <expression>Zlib</expression>
          </licenses>
        </component>
        <component bom-ref="simplicity_sdk:2025.6.2:emlib_system" type="library">
          <name>SYSTEM</name>
          <version>2025.6.2</version>
	      <supplier>
	        <name>Silicon Laboratories, Inc.</name>
	      </supplier>
          <licenses>
            <expression>Zlib</expression>
          </licenses>
        </component>
        <component bom-ref="simplicity_sdk:2025.6.2:rail_lib" type="library">
          <name>RAIL Library, Core</name>
          <version>2025.6.2</version>
	      <supplier>
	        <name>Silicon Laboratories, Inc.</name>
	      </supplier>
          <licenses>
            <expression>MSLA</expression>
          </licenses>
        </component>
        <component bom-ref="simplicity_sdk:2025.6.2:hal_gpio" type="library">
          <name>GPIO</name>
          <version>2025.6.2</version>
	      <supplier>
	        <name>Silicon Laboratories, Inc.</name>
	      </supplier>
          <licenses>
            <expression>Zlib</expression>
          </licenses>
        </component>
        <component bom-ref="simplicity_sdk:2025.6.2:se_manager" type="library">
          <name>SE Manager</name>
          <version>2025.6.2</version>
	      <supplier>
	        <name>Silicon Laboratories, Inc.</name>
	      </supplier>
          <licenses>
            <expression>Zlib</expression>
          </licenses>
        </component>
        <component bom-ref="simplicity_sdk:2025.6.2:rail_util_sequencer" type="library">
          <name>RAIL Utility, Radio Sequencer Image Selection</name>
          <version>2025.6.2</version>
	      <supplier>
	        <name>Silicon Laboratories, Inc.</name>
	      </supplier>
          <licenses>
            <expression>Zlib</expression>
          </licenses>
        </component>
        <component bom-ref="simplicity_sdk:2025.6.2:bluetooth_controller" type="library">
          <name>Bluetooth Low Energy Controller</name>
          <version>2025.6.2</version>
	      <supplier>
	        <name>Silicon Laboratories, Inc.</name>
	      </supplier>
          <licenses>
            <expression>MSLA</expression>
          </licenses>
        </component>
        <component bom-ref="simplicity_sdk:2025.6.2:event_handler" type="library">
          <name>Event Handler</name>
          <version>2025.6.2</version>
	      <supplier>
	        <name>Silicon Laboratories, Inc.</name>
	      </supplier>
          <licenses>
            <expression>Zlib</expression>
          </licenses>
        </component>
        <component bom-ref="simplicity_sdk:2025.6.2:bluetooth_feature_connection" type="library">
          <name>Connection</name>
          <version>2025.6.2</version>
	      <supplier>
	        <name>Silicon Laboratories, Inc.</name>
	      </supplier>
          <licenses>
            <expression>Zlib AND MSLA</expression>
          </licenses>
        </component>
        <component bom-ref="simplicity_sdk:2025.6.2:memory_manager_region" type="library">
          <name>Memory Manager region</name>
          <version>2025.6.2</version>
	      <supplier>
	        <name>Silicon Laboratories, Inc.</name>
	      </supplier>
          <licenses>
            <expression>Zlib</expression>
          </licenses>
        </component>
        <component bom-ref="simplicity_sdk:2025.6.2:bootloader_app_properties" type="library">
          <name>App Properties</name>
          <version>2025.6.2</version>
	      <supplier>
	        <name>Silicon Laboratories, Inc.</name>
	      </supplier>
          <licenses>
            <expression>Zlib</expression>
          </licenses>
        </component>
        <component bom-ref="simplicity_sdk:2025.6.2:emlib_msc" type="library">
          <name>MSC</name>
          <version>2025.6.2</version>
	      <supplier>
	        <name>Silicon Laboratories, Inc.</name>
	      </supplier>
          <licenses>
            <expression>Zlib</expression>
          </licenses>
        </component>
        <component bom-ref="simplicity_sdk:2025.6.2:bootloader_interface_s2" type="library">
          <name>Bootloader Application Interface Series 2</name>
          <version>2025.6.2</version>
	      <supplier>
	        <name>Silicon Laboratories, Inc.</name>
	      </supplier>
          <licenses>
            <expression>MSLA</expression>
          </licenses>
        </component>
        <component bom-ref="simplicity_sdk:2025.6.2:bluetooth_feature_advertiser" type="library">
          <name>Advertising Base Feature</name>
          <version>2025.6.2</version>
	      <supplier>
	        <name>Silicon Laboratories, Inc.</name>
	      </supplier>
          <licenses>
            <expression>Zlib AND MSLA</expression>
          </licenses>
        </component>
        <component bom-ref="simplicity_sdk:2025.6.2:device_i2c" type="library">
          <name>Device Manager I2C</name>
          <version>2025.6.2</version>
	      <supplier>
	        <name>Silicon Laboratories, Inc.</name>
	      </supplier>
          <licenses>
            <expression>Zlib</expression>
          </licenses>
        </component>
        <component bom-ref="simplicity_sdk:2025.6.2:sli_crypto" type="library">
          <name>Accelerated Crypto Primitives</name>
          <version>2025.6.2</version>
	      <supplier>
	        <name>Silicon Laboratories, Inc.</name>
	      </supplier>
          <licenses>
            <expression>Zlib</expression>
          </licenses>
        </component>
        <component bom-ref="simplicity_sdk:2025.6.2:sl_rail_util_built_in_phys" type="library">
          <name>SL RAIL Utility, Built-in PHYs Across HFXO Frequencies</name>
          <version>2025.6.2</version>
	      <supplier>
	        <name>Silicon Laboratories, Inc.</name>
	      </supplier>
          <licenses>
            <expression>Zlib</expression>
          </licenses>
        </component>
        <component bom-ref="simplicity_sdk:2025.6.2:power_manager_deepsleep" type="library">
          <name>Power Manager: Deepsleep</name>
          <version>2025.6.2</version>
	      <supplier>
	        <name>Silicon Laboratories, Inc.</name>
	      </supplier>
          <licenses>
            <expression>Zlib</expression>
          </licenses>
        </component>
        <component bom-ref="simplicity_sdk:2025.6.2:interrupt_manager_cortexm" type="library">
          <name>Interrupt Manager Cortex-M</name>
          <version>2025.6.2</version>
	      <supplier>
	        <name>Silicon Laboratories, Inc.</name>
	      </supplier>
          <licenses>
            <expression>Zlib</expression>
          </licenses>
        </component>
        <component bom-ref="simplicity_sdk:2025.6.2:rail_util_features" type="library">
          <name>RAIL Library Features, Core</name>
          <version>2025.6.2</version>
	      <supplier>
	        <name>Silicon Laboratories, Inc.</name>
	      </supplier>
          <licenses>
            <expression>MSLA</expression>
          </licenses>
        </component>
        <component bom-ref="simplicity_sdk:2025.6.2:apploader" type="library">
          <name>AppLoader Support for Applications</name>
          <version>2025.6.2</version>
	      <supplier>
	        <name>Silicon Laboratories, Inc.</name>
	      </supplier>
          <licenses>
            <expression>MSLA</expression>
          </licenses>
        </component>
        <component bom-ref="simplicity_sdk:2025.6.2:bluetooth_host_adaptation" type="library">
          <name>System adaptation layer used by the Bluetooth host stack</name>
          <version>2025.6.2</version>
	      <supplier>
	        <name>Silicon Laboratories, Inc.</name>
	      </supplier>
          <licenses>
            <expression>Zlib AND MSLA</expression>
          </licenses>
        </component>
        <component bom-ref="simplicity_sdk:2025.6.2:bluetooth_common" type="library">
          <name>Bluetooth Low Energy Common Component</name>
          <version>2025.6.2</version>
	      <supplier>
	        <name>Silicon Laboratories, Inc.</name>
	      </supplier>
          <licenses>
            <expression>MSLA</expression>
          </licenses>
        </component>
        <component bom-ref="simplicity_sdk:2025.6.2:brd2713a" type="library">
          <name>BRD2713A</name>
          <version>2025.6.2</version>
	      <supplier>
	        <name>Silicon Laboratories, Inc.</name>
	      </supplier>
          <licenses>
            <expression>Zlib</expression>
          </licenses>
        </component>
        <component bom-ref="simplicity_sdk:2025.6.2:rail_util_power_manager_init" type="library">
          <name>RAIL Utility, Power manager init</name>
          <version>2025.6.2</version>
	      <supplier>
	        <name>Silicon Laboratories, Inc.</name>
	      </supplier>
          <licenses>
            <expression>Zlib</expression>
          </licenses>
        </component>
        <component bom-ref="simplicity_sdk:2025.6.2:emlib_gpio" type="library">
          <name>GPIO</name>
          <version>2025.6.2</version>
	      <supplier>
	        <name>Silicon Laboratories, Inc.</name>
	      </supplier>
          <licenses>
            <expression>Zlib</expression>
          </licenses>
        </component>
        <component bom-ref="simplicity_sdk:2025.6.2:nvm3_default_flash_backend" type="library">
          <name>NVM3 back-end for default instance in flash</name>
          <version>2025.6.2</version>
	      <supplier>
	        <name>Silicon Laboratories, Inc.</name>
	      </supplier>
          <licenses>
            <expression>Zlib</expression>
          </licenses>
        </component>
        <component bom-ref="simplicity_sdk:2025.6.2:device_clock_hal" type="library">
          <name>Device Manager Clock HAL</name>
          <version>2025.6.2</version>
	      <supplier>
	        <name>Silicon Laboratories, Inc.</name>
	      </supplier>
          <licenses>
            <expression>Zlib</expression>
          </licenses>
        </component>
        <component bom-ref="simplicity_sdk:2025.6.2:bluetooth_version" type="library">
          <name>Bluetooth Version</name>
          <version>2025.6.2</version>
	      <supplier>
	        <name>Silicon Laboratories, Inc.</name>
	      </supplier>
          <licenses>
            <expression>MSLA</expression>
          </licenses>
        </component>
        <component bom-ref="simplicity_sdk:2025.6.2:bluetooth_feature_scanner" type="library">
          <name>Scanner Base Feature</name>
          <version>2025.6.2</version>
	      <supplier>
	        <name>Silicon Laboratories, Inc.</name>
	      </supplier>
          <licenses>
            <expression>MSLA</expression>
          </licenses>
        </component>
        <component bom-ref="simplicity_sdk:2025.6.2:mbedtls_slcrypto" type="library">
          <name>Silicon Labs Mbed TLS support</name>
          <version>2025.6.2</version>
	      <supplier>
	        <name>Silicon Laboratories, Inc.</name>
	      </supplier>
          <licenses>
            <expression>Zlib</expression>
          </licenses>
        </component>
        <component bom-ref="simplicity_sdk:2025.6.2:sl_assert" type="library">
          <name>Assert Functions</name>
          <version>2025.6.2</version>
	      <supplier>
	        <name>Silicon Laboratories, Inc.</name>
	      </supplier>
          <licenses>
            <expression>Zlib</expression>
          </licenses>
        </component>
        <component bom-ref="simplicity_sdk:2025.6.2:device_clock" type="library">
          <name>Device Manager Clock</name>
          <version>2025.6.2</version>
	      <supplier>
	        <name>Silicon Laboratories, Inc.</name>
	      </supplier>
          <licenses>
            <expression>Zlib</expression>
          </licenses>
        </component>
        <component bom-ref="simplicity_sdk:2025.6.2:component_catalog" type="library">
          <name>Component Catalog</name>
          <version>2025.6.2</version>
	      <supplier>
	        <name>Silicon Laboratories, Inc.</name>
	      </supplier>
          <licenses>
            <expression>Zlib</expression>
          </licenses>
        </component>
        <component bom-ref="simplicity_sdk:2025.6.2:emlib_emu" type="library">
          <name>EMU</name>
          <version>2025.6.2</version>
	      <supplier>
	        <name>Silicon Laboratories, Inc.</name>
	      </supplier>
          <licenses>
            <expression>Zlib</expression>
          </licenses>
        </component>
        <component bom-ref="simplicity_sdk:2025.6.2:rail_util_pa" type="library">
          <name>RAIL Utility, PA</name>
          <version>2025.6.2</version>
	      <supplier>
	        <name>Silicon Laboratories, Inc.</name>
	      </supplier>
          <licenses>
            <expression>Zlib</expression>
          </licenses>
        </component>
        <component bom-ref="simplicity_sdk:2025.6.2:clock_manager_runtime_hal_s2" type="library">
          <name>Clock Manager Runtime HAL Series 2</name>
          <version>2025.6.2</version>
	      <supplier>
	        <name>Silicon Laboratories, Inc.</name>
	      </supplier>
          <licenses>
            <expression>Zlib</expression>
          </licenses>
        </component>
        <component bom-ref="simplicity_sdk:2025.6.2:emlib_burtc" type="library">
          <name>BURTC</name>
          <version>2025.6.2</version>
	      <supplier>
	        <name>Silicon Laboratories, Inc.</name>
	      </supplier>
          <licenses>
            <expression>Zlib</expression>
          </licenses>
        </component>
        <component bom-ref="simplicity_sdk:2025.6.2:psa_its" type="library">
          <name>PSA Persistent Storage Support (ITS)</name>
          <version>2025.6.2</version>
	      <supplier>
	        <name>Silicon Laboratories, Inc.</name>
	      </supplier>
          <licenses>
            <expression>Zlib AND MSLA AND BSD-3-Clause</expression>
          </licenses>
          <pedigree>
            <ancestors>
              <component bom-ref="psa_its:v1.5" type="library">
                <supplier>
                  <name>Trusted Firmware</name>
                </supplier>
                <name>TrustedFirmware-M (TF-M)</name>
                <version>v1.5</version>
                <pedigree>
                  <notes>Trusted Firmware for M profile Arm CPUs</notes>
                </pedigree>
                <externalReferences>
                  <reference type="website">
                    <url>https://review.trustedfirmware.org/TF-M/trusted-firmware-m.git</url>
                  </reference>
                </externalReferences>
              </component>
            </ancestors>
          </pedigree>
        </component>
        <component bom-ref="simplicity_sdk:2025.6.2:bluetooth_controller_crypto" type="library">
          <name>Bluetooth Core Crypto Configuration for Controller</name>
          <version>2025.6.2</version>
	      <supplier>
	        <name>Silicon Laboratories, Inc.</name>
	      </supplier>
          <licenses>
            <expression>MSLA</expression>
          </licenses>
        </component>
        <component bom-ref="simplicity_sdk:2025.6.2:emlib_common" type="library">
          <name>Common Headers</name>
          <version>2025.6.2</version>
	      <supplier>
	        <name>Silicon Laboratories, Inc.</name>
	      </supplier>
          <licenses>
            <expression>Zlib</expression>
          </licenses>
        </component>
        <component bom-ref="simplicity_sdk:2025.6.2:mbedtls_core" type="library">
          <name>Mbed TLS</name>
          <version>2025.6.2</version>
	      <supplier>
	        <name>Silicon Laboratories, Inc.</name>
	      </supplier>
          <licenses>
            <expression>Zlib AND Apache-2.0</expression>
          </licenses>
          <pedigree>
            <ancestors>
              <component bom-ref="mbedtls_core:v3.6.2" type="library">
                <supplier>
                  <name>Trusted Firmware</name>
                </supplier>
                <name>Mbed TLS</name>
                <version>v3.6.2</version>
                <pedigree>
                  <notes>Mbed TLS is a C library implementing the PSA Cryptography API, cryptographic primitives, X.509 certificate manipulation and the SSL/TLS and DTLS protocols</notes>
                </pedigree>
                <externalReferences>
                  <reference type="website">
                    <url>https://github.com/Mbed-TLS/mbedtls.git</url>
                  </reference>
                </externalReferences>
              </component>
            </ancestors>
          </pedigree>
        </component>
        <component bom-ref="simplicity_sdk:2025.6.2:sl_core" type="library">
          <name>core</name>
          <version>2025.6.2</version>
	      <supplier>
	        <name>Silicon Laboratories, Inc.</name>
	      </supplier>
          <licenses>
            <expression>Zlib</expression>
          </licenses>
        </component>
        <component bom-ref="simplicity_sdk:2025.6.2:rail_util_built_in_phys" type="library">
          <name>RAIL Utility, Built-in PHYs Across HFXO Frequencies</name>
          <version>2025.6.2</version>
	      <supplier>
	        <name>Silicon Laboratories, Inc.</name>
	      </supplier>
          <licenses>
            <expression>Zlib</expression>
          </licenses>
        </component>
        <component bom-ref="simplicity_sdk:2025.6.2:bootloader_interface" type="library">
          <name>Bootloader Application Interface</name>
          <version>2025.6.2</version>
	      <supplier>
	        <name>Silicon Laboratories, Inc.</name>
	      </supplier>
          <licenses>
            <expression>MSLA</expression>
          </licenses>
        </component>
        <component bom-ref="simplicity_sdk:2025.6.2:mbedtls_platform_dynamic_memory_allocation_config_default" type="library">
          <name>Default dynamic memory allocation macros for mbedtls</name>
          <version>2025.6.2</version>
	      <supplier>
	        <name>Silicon Laboratories, Inc.</name>
	      </supplier>
          <licenses>
            <expression>Zlib AND Apache-2.0</expression>
          </licenses>
          <pedigree>
            <ancestors>
              <component bom-ref="mbedtls_platform_dynamic_memory_allocation_config_default:v3.6.2" type="library">
                <supplier>
                  <name>Trusted Firmware</name>
                </supplier>
                <name>Mbed TLS</name>
                <version>v3.6.2</version>
                <pedigree>
                  <notes>Mbed TLS is a C library implementing the PSA Cryptography API, cryptographic primitives, X.509 certificate manipulation and the SSL/TLS and DTLS protocols</notes>
                </pedigree>
                <externalReferences>
                  <reference type="website">
                    <url>https://github.com/Mbed-TLS/mbedtls.git</url>
                  </reference>
                </externalReferences>
              </component>
            </ancestors>
          </pedigree>
        </component>
        <component bom-ref="simplicity_sdk:2025.6.2:fem_util" type="library">
          <name>Radio Utility, FEM</name>
          <version>2025.6.2</version>
	      <supplier>
	        <name>Silicon Laboratories, Inc.</name>
	      </supplier>
          <licenses>
            <expression>Zlib</expression>
          </licenses>
        </component>
        <component bom-ref="simplicity_sdk:2025.6.2:hal_syscfg" type="library">
          <name>SYSCFG</name>
          <version>2025.6.2</version>
	      <supplier>
	        <name>Silicon Laboratories, Inc.</name>
	      </supplier>
          <licenses>
            <expression>Zlib</expression>
          </licenses>
        </component>
        <component bom-ref="simplicity_sdk:2025.6.2:cmsis_core" type="library">
          <name>CMSIS-Core</name>
          <version>2025.6.2</version>
	      <supplier>
	        <name>Silicon Laboratories, Inc.</name>
	      </supplier>
          <licenses>
            <expression>Apache 2.0</expression>
          </licenses>
          <pedigree>
            <ancestors>
              <component bom-ref="cmsis_core:5.8.0" type="library">
                <supplier>
                  <name>ARM-software</name>
                </supplier>
                <name>CMSIS_5</name>
                <version>5.8.0</version>
                <purl>pkg:github/ARM-software/CMSIS_5@5.8.0</purl>
                <pedigree>
                  <notes>The CMSIS is a set of tools, APIs, frameworks, and work flows</notes>
                </pedigree>
                <externalReferences>
                  <reference type="website">
                    <url>https://github.com/ARM-software/CMSIS_5</url>
                  </reference>
                </externalReferences>
              </component>
            </ancestors>
          </pedigree>
        </component>
        <component bom-ref="simplicity_sdk:2025.6.2:emlib_core" type="library">
          <name>CORE</name>
          <version>2025.6.2</version>
	      <supplier>
	        <name>Silicon Laboratories, Inc.</name>
	      </supplier>
          <licenses>
            <expression>Zlib</expression>
          </licenses>
        </component>
        <component bom-ref="simplicity_sdk:2025.6.2:hal_sysrtc" type="library">
          <name>SYSRTC</name>
          <version>2025.6.2</version>
	      <supplier>
	        <name>Silicon Laboratories, Inc.</name>
	      </supplier>
          <licenses>
            <expression>Zlib</expression>
          </licenses>
        </component>
        <component bom-ref="simplicity_sdk:2025.6.2:emlib_timer" type="library">
          <name>TIMER</name>
          <version>2025.6.2</version>
	      <supplier>
	        <name>Silicon Laboratories, Inc.</name>
	      </supplier>
          <licenses>
            <expression>Zlib</expression>
          </licenses>
        </component>
        <component bom-ref="simplicity_sdk:2025.6.2:psa_crypto_common" type="library">
          <name>Common</name>
          <version>2025.6.2</version>
	      <supplier>
	        <name>Silicon Laboratories, Inc.</name>
	      </supplier>
          <licenses>
            <expression>Apache-2.0</expression>
          </licenses>
          <pedigree>
            <ancestors>
              <component bom-ref="psa_crypto_common:v3.6.2" type="library">
                <supplier>
                  <name>Trusted Firmware</name>
                </supplier>
                <name>Mbed TLS</name>
                <version>v3.6.2</version>
                <pedigree>
                  <notes>Mbed TLS is a C library implementing the PSA Cryptography API, cryptographic primitives, X.509 certificate manipulation and the SSL/TLS and DTLS protocols</notes>
                </pedigree>
                <externalReferences>
                  <reference type="website">
                    <url>https://github.com/Mbed-TLS/mbedtls.git</url>
                  </reference>
                </externalReferences>
              </component>
            </ancestors>
          </pedigree>
        </component>
        <component bom-ref="simplicity_sdk:2025.6.2:sleeptimer" type="library">
          <name>Sleep Timer</name>
          <version>2025.6.2</version>
	      <supplier>
	        <name>Silicon Laboratories, Inc.</name>
	      </supplier>
          <licenses>
            <expression>Zlib</expression>
          </licenses>
        </component>
        <component bom-ref="simplicity_sdk:2025.6.2:apploader_util" type="library">
          <name>AppLoader Utility</name>
          <version>2025.6.2</version>
	      <supplier>
	        <name>Silicon Laboratories, Inc.</name>
	      </supplier>
          <licenses>
            <expression>MSLA</expression>
          </licenses>
        </component>
        <component bom-ref="simplicity_sdk:2025.6.2:mbedtls_config" type="library">
          <name>Configuration</name>
          <version>2025.6.2</version>
	      <supplier>
	        <name>Silicon Laboratories, Inc.</name>
	      </supplier>
          <licenses>
            <expression>Zlib AND Apache-2.0</expression>
          </licenses>
          <pedigree>
            <ancestors>
              <component bom-ref="mbedtls_config:v3.6.2" type="library">
                <supplier>
                  <name>Trusted Firmware</name>
                </supplier>
                <name>Mbed TLS</name>
                <version>v3.6.2</version>
                <pedigree>
                  <notes>Mbed TLS is a C library implementing the PSA Cryptography API, cryptographic primitives, X.509 certificate manipulation and the SSL/TLS and DTLS protocols</notes>
                </pedigree>
                <externalReferences>
                  <reference type="website">
                    <url>https://github.com/Mbed-TLS/mbedtls.git</url>
                  </reference>
                </externalReferences>
              </component>
            </ancestors>
          </pedigree>
        </component>
        <component bom-ref="simplicity_sdk:2025.6.2:sl_common" type="library">
          <name>Common Functions</name>
          <version>2025.6.2</version>
	      <supplier>
	        <name>Silicon Laboratories, Inc.</name>
	      </supplier>
          <licenses>
            <expression>Zlib</expression>
          </licenses>
        </component>
        <component bom-ref="simplicity_sdk:2025.6.2:sl_main_init" type="library">
          <name>sl main Init</name>
          <version>2025.6.2</version>
	      <supplier>
	        <name>Silicon Laboratories, Inc.</name>
	      </supplier>
          <licenses>
            <expression>Zlib</expression>
          </licenses>
        </component>
        <component bom-ref="simplicity_sdk:2025.6.2:sl_main_process_action" type="library">
          <name>sl_main Process Action</name>
          <version>2025.6.2</version>
	      <supplier>
	        <name>Silicon Laboratories, Inc.</name>
	      </supplier>
          <licenses>
            <expression>Zlib</expression>
          </licenses>
        </component>
        <component bom-ref="simplicity_sdk:2025.6.2:gpio" type="library">
          <name>GPIO Driver</name>
          <version>2025.6.2</version>
	      <supplier>
	        <name>Silicon Laboratories, Inc.</name>
	      </supplier>
          <licenses>
            <expression>Zlib</expression>
          </licenses>
        </component>
        <component bom-ref="simplicity_sdk:2025.6.2:app_log" type="library">
          <name>Log</name>
          <version>2025.6.2</version>
	      <supplier>
	        <name>Silicon Laboratories, Inc.</name>
	      </supplier>
          <licenses>
            <expression>Zlib</expression>
          </licenses>
        </component>
        <component bom-ref="simplicity_sdk:2025.6.2:dmadrv_core" type="library">
          <name>DMADRV Core</name>
          <version>2025.6.2</version>
	      <supplier>
	        <name>Silicon Laboratories, Inc.</name>
	      </supplier>
          <licenses>
            <expression>Zlib</expression>
          </licenses>
        </component>
        <component bom-ref="simplicity_sdk:2025.6.2:emlib_eusart" type="library">
          <name>EUSART</name>
          <version>2025.6.2</version>
	      <supplier>
	        <name>Silicon Laboratories, Inc.</name>
	      </supplier>
          <licenses>
            <expression>Zlib</expression>
          </licenses>
        </component>
        <component bom-ref="simplicity_sdk:2025.6.2:iostream_retarget_stdio" type="library">
          <name>IO Stream: Retarget STDIO</name>
          <version>2025.6.2</version>
	      <supplier>
	        <name>Silicon Laboratories, Inc.</name>
	      </supplier>
          <licenses>
            <expression>Zlib</expression>
          </licenses>
        </component>
        <component bom-ref="simplicity_sdk:2025.6.2:iostream" type="library">
          <name>IO Stream</name>
          <version>2025.6.2</version>
	      <supplier>
	        <name>Silicon Laboratories, Inc.</name>
	      </supplier>
          <licenses>
            <expression>Zlib</expression>
          </licenses>
        </component>
        <component bom-ref="simplicity_sdk:2025.6.2:configuration_over_swo" type="library">
          <name>Configuration Over SWO</name>
          <version>2025.6.2</version>
	      <supplier>
	        <name>Silicon Laboratories, Inc.</name>
	      </supplier>
          <licenses>
            <expression>Zlib</expression>
          </licenses>
        </component>
        <component bom-ref="simplicity_sdk:2025.6.2:dmadrv" type="library">
          <name>DMADRV</name>
          <version>2025.6.2</version>
	      <supplier>
	        <name>Silicon Laboratories, Inc.</name>
	      </supplier>
          <licenses>
            <expression>Zlib</expression>
          </licenses>
        </component>
        <component bom-ref="simplicity_sdk:2025.6.2:iostream_uart_common" type="library">
          <name>IO Stream: Common code for UART-type streams</name>
          <version>2025.6.2</version>
	      <supplier>
	        <name>Silicon Laboratories, Inc.</name>
	      </supplier>
          <licenses>
            <expression>Zlib</expression>
          </licenses>
        </component>
        <component bom-ref="simplicity_sdk:2025.6.2:debug_swo" type="library">
          <name>SWO Debug</name>
          <version>2025.6.2</version>
	      <supplier>
	        <name>Silicon Laboratories, Inc.</name>
	      </supplier>
          <licenses>
            <expression>Zlib</expression>
          </licenses>
        </component>
        <component bom-ref="simplicity_sdk:2025.6.2:sl_string" type="library">
          <name>String Functions</name>
          <version>2025.6.2</version>
	      <supplier>
	        <name>Silicon Laboratories, Inc.</name>
	      </supplier>
          <licenses>
            <expression>Zlib</expression>
          </licenses>
        </component>
        <component bom-ref="simplicity_sdk:2025.6.2:iostream_eusart" type="library">
          <name>IO Stream: EUSART</name>
          <version>2025.6.2</version>
	      <supplier>
	        <name>Silicon Laboratories, Inc.</name>
	      </supplier>
          <licenses>
            <expression>Zlib</expression>
          </licenses>
        </component>
        <component bom-ref="simplicity_sdk:2025.6.2:hal_eusart" type="library">
          <name>EUSART</name>
          <version>2025.6.2</version>
	      <supplier>
	        <name>Silicon Laboratories, Inc.</name>
	      </supplier>
          <licenses>
            <expression>Zlib</expression>
          </licenses>
        </component>
        <component bom-ref="simplicity_sdk:2025.6.2:iostream_eusart_core" type="library">
          <name>IO Stream: EUSART Core</name>
          <version>2025.6.2</version>
	      <supplier>
	        <name>Silicon Laboratories, Inc.</name>
	      </supplier>
          <licenses>
            <expression>Zlib</expression>
          </licenses>
        </component>
        <component bom-ref="simplicity_sdk:2025.6.2:iostream_stdlib_config" type="library">
          <name>IO Stream: STDLIB Configuration</name>
          <version>2025.6.2</version>
	      <supplier>
	        <name>Silicon Laboratories, Inc.</name>
	      </supplier>
          <licenses>
            <expression>Zlib</expression>
          </licenses>
        </component>
        <component bom-ref="simplicity_sdk:2025.6.2:i2cspm" type="library">
          <name>I2CSPM</name>
          <version>2025.6.2</version>
	      <supplier>
	        <name>Silicon Laboratories, Inc.</name>
	      </supplier>
          <licenses>
            <expression>Zlib</expression>
          </licenses>
        </component>
        <component bom-ref="simplicity_sdk:2025.6.2:emlib_i2c" type="library">
          <name>I2C</name>
          <version>2025.6.2</version>
	      <supplier>
	        <name>Silicon Laboratories, Inc.</name>
	      </supplier>
          <licenses>
            <expression>Zlib</expression>
          </licenses>
        </component>
        <component bom-ref="simplicity_sdk:2025.6.2:i2cspm_core" type="library">
          <name>I2CSPM Core</name>
          <version>2025.6.2</version>
	      <supplier>
	        <name>Silicon Laboratories, Inc.</name>
	      </supplier>
          <licenses>
            <expression>Zlib</expression>
          </licenses>
        </component>
        <component bom-ref="simplicity_sdk:2025.6.2:bluetooth_feature_phy_support_config" type="library">
          <name>Restrict PHYs supported by the chip</name>
          <version>2025.6.2</version>
	      <supplier>
	        <name>Silicon Laboratories, Inc.</name>
	      </supplier>
          <licenses>
            <expression>MSLA</expression>
          </licenses>
        </component>
        <component bom-ref="simplicity_sdk:2025.6.2:bluetooth_feature_connection_phy_update" type="library">
          <name>Bluetooth Connection Phy Update</name>
          <version>2025.6.2</version>
	      <supplier>
	        <name>Silicon Laboratories, Inc.</name>
	      </supplier>
          <licenses>
            <expression>MSLA</expression>
          </licenses>
        </component>
      </components>
    </component>
  </components>
</bom>