{
  "bomFormat" : "CycloneDX",
  "specVersion" : "1.6",
  "version" : 1,
  "metadata" : {
    "timestamp" : "2025-11-28T12:28:17Z",
    "authors" : [ {
      "name" : "Silicon Laboratories, Inc."
    } ],
    "properties" : [ {
      "name" : "Silicon Labs Disclaimer",
      "value" : "TERMS OF USE - SILICON LABORATORIES INC.\n(With respect to Silicon Labs software components, this Software Bill of Materials (SBOM) is based upon Silicon Labs'\nreview and analysis of the code version when released.  It is provided \"AS IS\" and does not modify, change or alter\nthe terms or conditions of your use of Silicon Labs' software and/or SDKs based upon license terms and/or agreements\nassociated with this software or SDKs when distributed to you, received by you, or installed by you.  Further, no\nwarranties or obligations are created by this SBOM.  It is your obligation to comply with the terms of licenses\nreferenced in this SBOM.)"
    } ]
  },
  "components" : [ {
    "scope" : "required",
    "type" : "library",
    "bom-ref" : "simplicity_sdk:2025.6.2",
    "name" : "Simplicity SDK Suite",
    "version" : "2025.6.2",
    "supplier" : {
      "name" : "Silicon Laboratories, Inc."
    },
    "components" : [ {
      "scope" : "required",
      "type" : "library",
      "bom-ref" : "simplicity_sdk:2025.6.2:MGM260PD32VNA",
      "name" : "MGM260PD32VNA",
      "version" : "2025.6.2",
      "supplier" : {
        "name" : "Silicon Laboratories, Inc."
      },
      "licenses" : [ {
        "expression" : "Zlib"
      } ]
    }, {
      "scope" : "required",
      "type" : "library",
      "bom-ref" : "simplicity_sdk:2025.6.2:app_assert",
      "name" : "Assert",
      "version" : "2025.6.2",
      "supplier" : {
        "name" : "Silicon Laboratories, Inc."
      },
      "licenses" : [ {
        "expression" : "Zlib"
      } ]
    }, {
      "scope" : "required",
      "type" : "library",
      "bom-ref" : "simplicity_sdk:2025.6.2:app_os_helper",
      "name" : "Application OS helper",
      "version" : "2025.6.2",
      "supplier" : {
        "name" : "Silicon Laboratories, Inc."
      },
      "licenses" : [ {
        "expression" : "Zlib"
      } ]
    }, {
      "scope" : "required",
      "type" : "library",
      "bom-ref" : "simplicity_sdk:2025.6.2:bluetooth_feature_gatt",
      "name" : "GATT Client",
      "version" : "2025.6.2",
      "supplier" : {
        "name" : "Silicon Laboratories, Inc."
      },
      "licenses" : [ {
        "expression" : "MSLA"
      } ]
    }, {
      "scope" : "required",
      "type" : "library",
      "bom-ref" : "simplicity_sdk:2025.6.2:bluetooth_feature_gatt_server",
      "name" : "GATT Server",
      "version" : "2025.6.2",
      "supplier" : {
        "name" : "Silicon Laboratories, Inc."
      },
      "licenses" : [ {
        "expression" : "MSLA"
      } ]
    }, {
      "scope" : "required",
      "type" : "library",
      "bom-ref" : "simplicity_sdk:2025.6.2:bluetooth_feature_legacy_advertiser",
      "name" : "Legacy Advertising",
      "version" : "2025.6.2",
      "supplier" : {
        "name" : "Silicon Laboratories, Inc."
      },
      "licenses" : [ {
        "expression" : "MSLA"
      } ]
    }, {
      "scope" : "required",
      "type" : "library",
      "bom-ref" : "simplicity_sdk:2025.6.2:bluetooth_feature_legacy_scanner",
      "name" : "Scanner for legacy advertisements",
      "version" : "2025.6.2",
      "supplier" : {
        "name" : "Silicon Laboratories, Inc."
      },
      "licenses" : [ {
        "expression" : "MSLA"
      } ]
    }, {
      "scope" : "required",
      "type" : "library",
      "bom-ref" : "simplicity_sdk:2025.6.2:bluetooth_feature_sm",
      "name" : "Security Manager",
      "version" : "2025.6.2",
      "supplier" : {
        "name" : "Silicon Laboratories, Inc."
      },
      "licenses" : [ {
        "expression" : "MSLA"
      } ]
    }, {
      "scope" : "required",
      "type" : "library",
      "bom-ref" : "simplicity_sdk:2025.6.2:bluetooth_feature_system",
      "name" : "System",
      "version" : "2025.6.2",
      "supplier" : {
        "name" : "Silicon Laboratories, Inc."
      },
      "licenses" : [ {
        "expression" : "MSLA"
      } ]
    }, {
      "scope" : "required",
      "type" : "library",
      "bom-ref" : "simplicity_sdk:2025.6.2:bluetooth_stack",
      "name" : "Bluetooth Core",
      "version" : "2025.6.2",
      "supplier" : {
        "name" : "Silicon Laboratories, Inc."
      },
      "licenses" : [ {
        "expression" : "Zlib AND MSLA"
      } ]
    }, {
      "scope" : "required",
      "type" : "library",
      "bom-ref" : "simplicity_sdk:2025.6.2:brd2713a_a04",
      "name" : "BRD2713A rev A04",
      "version" : "2025.6.2",
      "supplier" : {
        "name" : "Silicon Laboratories, Inc."
      },
      "licenses" : [ {
        "expression" : "Zlib"
      } ]
    }, {
      "scope" : "required",
      "type" : "library",
      "bom-ref" : "simplicity_sdk:2025.6.2:clock_manager",
      "name" : "Clock Manager",
      "version" : "2025.6.2",
      "supplier" : {
        "name" : "Silicon Laboratories, Inc."
      },
      "licenses" : [ {
        "expression" : "Zlib"
      } ]
    }, {
      "scope" : "required",
      "type" : "library",
      "bom-ref" : "simplicity_sdk:2025.6.2:device_init",
      "name" : "Automatic Device Initialization",
      "version" : "2025.6.2",
      "supplier" : {
        "name" : "Silicon Laboratories, Inc."
      },
      "licenses" : [ {
        "expression" : "Zlib"
      } ]
    }, {
      "scope" : "required",
      "type" : "library",
      "bom-ref" : "simplicity_sdk:2025.6.2:gatt_configuration",
      "name" : "Static GATT Database and Configuration",
      "version" : "2025.6.2",
      "supplier" : {
        "name" : "Silicon Laboratories, Inc."
      },
      "licenses" : [ {
        "expression" : "Zlib"
      } ]
    }, {
      "scope" : "required",
      "type" : "library",
      "bom-ref" : "simplicity_sdk:2025.6.2:gatt_service_device_information_override",
      "name" : "Device Information GATT Service Override",
      "version" : "2025.6.2",
      "supplier" : {
        "name" : "Silicon Laboratories, Inc."
      },
      "licenses" : [ {
        "expression" : "Zlib"
      } ]
    }, {
      "scope" : "required",
      "type" : "library",
      "bom-ref" : "simplicity_sdk:2025.6.2:in_place_ota_dfu",
      "name" : "In-Place OTA DFU",
      "version" : "2025.6.2",
      "supplier" : {
        "name" : "Silicon Laboratories, Inc."
      },
      "licenses" : [ {
        "expression" : "Zlib"
      } ]
    }, {
      "scope" : "required",
      "type" : "library",
      "bom-ref" : "simplicity_sdk:2025.6.2:mpu",
      "name" : "Simple MPU",
      "version" : "2025.6.2",
      "supplier" : {
        "name" : "Silicon Laboratories, Inc."
      },
      "licenses" : [ {
        "expression" : "Zlib"
      } ]
    }, {
      "scope" : "required",
      "type" : "library",
      "bom-ref" : "simplicity_sdk:2025.6.2:rail_util_pti",
      "name" : "RAIL Utility, PTI",
      "version" : "2025.6.2",
      "supplier" : {
        "name" : "Silicon Laboratories, Inc."
      },
      "licenses" : [ {
        "expression" : "Zlib"
      } ]
    }, {
      "scope" : "required",
      "type" : "library",
      "bom-ref" : "simplicity_sdk:2025.6.2:sl_main",
      "name" : "System Setup (sl_main)",
      "version" : "2025.6.2",
      "supplier" : {
        "name" : "Silicon Laboratories, Inc."
      },
      "licenses" : [ {
        "expression" : "Zlib"
      } ]
    }, {
      "scope" : "required",
      "type" : "library",
      "bom-ref" : "simplicity_sdk:2025.6.2:psa_crypto_cipher_ecb",
      "name" : "ECB Mode",
      "version" : "2025.6.2",
      "supplier" : {
        "name" : "Silicon Laboratories, Inc."
      },
      "licenses" : [ {
        "expression" : "Apache-2.0"
      } ],
      "pedigree" : {
        "ancestors" : [ {
          "scope" : "required",
          "type" : "library",
          "bom-ref" : "psa_crypto_cipher_ecb:v3.6.2",
          "name" : "Mbed TLS",
          "version" : "v3.6.2",
          "supplier" : {
            "name" : "Trusted Firmware"
          },
          "externalReferences" : [ {
            "type" : "website",
            "url" : "https://github.com/Mbed-TLS/mbedtls.git"
          } ],
          "pedigree" : {
            "notes" : "Mbed TLS is a C library implementing the PSA Cryptography API, cryptographic primitives, X.509 certificate manipulation and the SSL/TLS and DTLS protocols"
          }
        } ]
      }
    }, {
      "scope" : "required",
      "type" : "library",
      "bom-ref" : "simplicity_sdk:2025.6.2:psa_crypto_ecdh",
      "name" : "ECDH",
      "version" : "2025.6.2",
      "supplier" : {
        "name" : "Silicon Laboratories, Inc."
      },
      "licenses" : [ {
        "expression" : "Apache-2.0"
      } ],
      "pedigree" : {
        "ancestors" : [ {
          "scope" : "required",
          "type" : "library",
          "bom-ref" : "psa_crypto_ecdh:v3.6.2",
          "name" : "Mbed TLS",
          "version" : "v3.6.2",
          "supplier" : {
            "name" : "Trusted Firmware"
          },
          "externalReferences" : [ {
            "type" : "website",
            "url" : "https://github.com/Mbed-TLS/mbedtls.git"
          } ],
          "pedigree" : {
            "notes" : "Mbed TLS is a C library implementing the PSA Cryptography API, cryptographic primitives, X.509 certificate manipulation and the SSL/TLS and DTLS protocols"
          }
        } ]
      }
    }, {
      "scope" : "required",
      "type" : "library",
      "bom-ref" : "simplicity_sdk:2025.6.2:device_manager",
      "name" : "Device Manager",
      "version" : "2025.6.2",
      "supplier" : {
        "name" : "Silicon Laboratories, Inc."
      },
      "licenses" : [ {
        "expression" : "Zlib"
      } ]
    }, {
      "scope" : "required",
      "type" : "library",
      "bom-ref" : "simplicity_sdk:2025.6.2:power_manager",
      "name" : "Power Manager",
      "version" : "2025.6.2",
      "supplier" : {
        "name" : "Silicon Laboratories, Inc."
      },
      "licenses" : [ {
        "expression" : "Zlib"
      } ]
    }, {
      "scope" : "required",
      "type" : "library",
      "bom-ref" : "simplicity_sdk:2025.6.2:psa_crypto_ecc_secp256r1",
      "name" : "secp256r1",
      "version" : "2025.6.2",
      "supplier" : {
        "name" : "Silicon Laboratories, Inc."
      },
      "licenses" : [ {
        "expression" : "Apache-2.0"
      } ],
      "pedigree" : {
        "ancestors" : [ {
          "scope" : "required",
          "type" : "library",
          "bom-ref" : "psa_crypto_ecc_secp256r1:v3.6.2",
          "name" : "Mbed TLS",
          "version" : "v3.6.2",
          "supplier" : {
            "name" : "Trusted Firmware"
          },
          "externalReferences" : [ {
            "type" : "website",
            "url" : "https://github.com/Mbed-TLS/mbedtls.git"
          } ],
          "pedigree" : {
            "notes" : "Mbed TLS is a C library implementing the PSA Cryptography API, cryptographic primitives, X.509 certificate manipulation and the SSL/TLS and DTLS protocols"
          }
        } ]
      }
    }, {
      "scope" : "required",
      "type" : "library",
      "bom-ref" : "simplicity_sdk:2025.6.2:bit",
      "name" : "Bit Operations Library",
      "version" : "2025.6.2",
      "supplier" : {
        "name" : "Silicon Laboratories, Inc."
      },
      "licenses" : [ {
        "expression" : "Zlib"
      } ]
    }, {
      "scope" : "required",
      "type" : "library",
      "bom-ref" : "simplicity_sdk:2025.6.2:psa_driver_common",
      "name" : "PSA Driver Common Source Code",
      "version" : "2025.6.2",
      "supplier" : {
        "name" : "Silicon Laboratories, Inc."
      },
      "licenses" : [ {
        "expression" : "Zlib"
      } ]
    }, {
      "scope" : "required",
      "type" : "library",
      "bom-ref" : "simplicity_sdk:2025.6.2:bluetooth_controller_libraries",
      "name" : "Bluetooth Low Energy Controller Library",
      "version" : "2025.6.2",
      "supplier" : {
        "name" : "Silicon Laboratories, Inc."
      },
      "licenses" : [ {
        "expression" : "MSLA"
      } ]
    }, {
      "scope" : "required",
      "type" : "library",
      "bom-ref" : "simplicity_sdk:2025.6.2:clock_manager_init_hal_s2",
      "name" : "Clock Manager Init HAL Series 2",
      "version" : "2025.6.2",
      "supplier" : {
        "name" : "Silicon Laboratories, Inc."
      },
      "licenses" : [ {
        "expression" : "Zlib"
      } ]
    }, {
      "scope" : "required",
      "type" : "library",
      "bom-ref" : "simplicity_sdk:2025.6.2:hal_system",
      "name" : "SYSTEM",
      "version" : "2025.6.2",
      "supplier" : {
        "name" : "Silicon Laboratories, Inc."
      },
      "licenses" : [ {
        "expression" : "Zlib"
      } ]
    }, {
      "scope" : "required",
      "type" : "library",
      "bom-ref" : "simplicity_sdk:2025.6.2:psa_crypto_trng",
      "name" : "TRNG",
      "version" : "2025.6.2",
      "supplier" : {
        "name" : "Silicon Laboratories, Inc."
      },
      "licenses" : [ {
        "expression" : "Zlib"
      } ]
    }, {
      "scope" : "required",
      "type" : "library",
      "bom-ref" : "simplicity_sdk:2025.6.2:slist",
      "name" : "Single Link List",
      "version" : "2025.6.2",
      "supplier" : {
        "name" : "Silicon Laboratories, Inc."
      },
      "licenses" : [ {
        "expression" : "Zlib"
      } ]
    }, {
      "scope" : "required",
      "type" : "library",
      "bom-ref" : "simplicity_sdk:2025.6.2:device_gpio",
      "name" : "Device Manager GPIO",
      "version" : "2025.6.2",
      "supplier" : {
        "name" : "Silicon Laboratories, Inc."
      },
      "licenses" : [ {
        "expression" : "Zlib"
      } ]
    }, {
      "scope" : "required",
      "type" : "library",
      "bom-ref" : "simplicity_sdk:2025.6.2:emlib_ldma",
      "name" : "LDMA",
      "version" : "2025.6.2",
      "supplier" : {
        "name" : "Silicon Laboratories, Inc."
      },
      "licenses" : [ {
        "expression" : "Zlib"
      } ]
    }, {
      "scope" : "required",
      "type" : "library",
      "bom-ref" : "simplicity_sdk:2025.6.2:nvm3_source",
      "name" : "NVM3 Core (source)",
      "version" : "2025.6.2",
      "supplier" : {
        "name" : "Silicon Laboratories, Inc."
      },
      "licenses" : [ {
        "expression" : "Zlib"
      } ]
    }, {
      "scope" : "required",
      "type" : "library",
      "bom-ref" : "simplicity_sdk:2025.6.2:nvm3_default_config",
      "name" : "NVM3 Default Config",
      "version" : "2025.6.2",
      "supplier" : {
        "name" : "Silicon Laboratories, Inc."
      },
      "licenses" : [ {
        "expression" : "Zlib"
      } ]
    }, {
      "scope" : "required",
      "type" : "library",
      "bom-ref" : "simplicity_sdk:2025.6.2:bluetooth_crypto",
      "name" : "Bluetooth Core Crypto Configuration",
      "version" : "2025.6.2",
      "supplier" : {
        "name" : "Silicon Laboratories, Inc."
      },
      "licenses" : [ {
        "expression" : "MSLA"
      } ]
    }, {
      "scope" : "required",
      "type" : "library",
      "bom-ref" : "simplicity_sdk:2025.6.2:psa_crypto_config",
      "name" : "Configuration",
      "version" : "2025.6.2",
      "supplier" : {
        "name" : "Silicon Laboratories, Inc."
      },
      "licenses" : [ {
        "expression" : "Zlib AND Apache-2.0"
      } ],
      "pedigree" : {
        "ancestors" : [ {
          "scope" : "required",
          "type" : "library",
          "bom-ref" : "psa_crypto_config:v3.6.2",
          "name" : "Mbed TLS",
          "version" : "v3.6.2",
          "supplier" : {
            "name" : "Trusted Firmware"
          },
          "externalReferences" : [ {
            "type" : "website",
            "url" : "https://github.com/Mbed-TLS/mbedtls.git"
          } ],
          "pedigree" : {
            "notes" : "Mbed TLS is a C library implementing the PSA Cryptography API, cryptographic primitives, X.509 certificate manipulation and the SSL/TLS and DTLS protocols"
          }
        } ]
      }
    }, {
      "scope" : "required",
      "type" : "library",
      "bom-ref" : "simplicity_sdk:2025.6.2:psa_crypto_aes",
      "name" : "AES Block Cipher",
      "version" : "2025.6.2",
      "supplier" : {
        "name" : "Silicon Laboratories, Inc."
      },
      "licenses" : [ {
        "expression" : "Apache-2.0"
      } ],
      "pedigree" : {
        "ancestors" : [ {
          "scope" : "required",
          "type" : "library",
          "bom-ref" : "psa_crypto_aes:v3.6.2",
          "name" : "Mbed TLS",
          "version" : "v3.6.2",
          "supplier" : {
            "name" : "Trusted Firmware"
          },
          "externalReferences" : [ {
            "type" : "website",
            "url" : "https://github.com/Mbed-TLS/mbedtls.git"
          } ],
          "pedigree" : {
            "notes" : "Mbed TLS is a C library implementing the PSA Cryptography API, cryptographic primitives, X.509 certificate manipulation and the SSL/TLS and DTLS protocols"
          }
        } ]
      }
    }, {
      "scope" : "required",
      "type" : "library",
      "bom-ref" : "simplicity_sdk:2025.6.2:bluetooth_configuration",
      "name" : "Instantiation of Bluetooth configuration",
      "version" : "2025.6.2",
      "supplier" : {
        "name" : "Silicon Laboratories, Inc."
      },
      "licenses" : [ {
        "expression" : "MSLA"
      } ]
    }, {
      "scope" : "required",
      "type" : "library",
      "bom-ref" : "simplicity_sdk:2025.6.2:hal_prs",
      "name" : "PRS",
      "version" : "2025.6.2",
      "supplier" : {
        "name" : "Silicon Laboratories, Inc."
      },
      "licenses" : [ {
        "expression" : "Zlib"
      } ]
    }, {
      "scope" : "required",
      "type" : "library",
      "bom-ref" : "simplicity_sdk:2025.6.2:se_manager_crypto",
      "name" : "Crypto",
      "version" : "2025.6.2",
      "supplier" : {
        "name" : "Silicon Laboratories, Inc."
      },
      "licenses" : [ {
        "expression" : "Zlib"
      } ]
    }, {
      "scope" : "required",
      "type" : "library",
      "bom-ref" : "simplicity_sdk:2025.6.2:device_init_dcdc",
      "name" : "DC-DC Converter",
      "version" : "2025.6.2",
      "supplier" : {
        "name" : "Silicon Laboratories, Inc."
      },
      "licenses" : [ {
        "expression" : "Zlib"
      } ]
    }, {
      "scope" : "required",
      "type" : "library",
      "bom-ref" : "simplicity_sdk:2025.6.2:sli_crypto_s2",
      "name" : "Accelerated Crypto Primitives for Series-2 devices",
      "version" : "2025.6.2",
      "supplier" : {
        "name" : "Silicon Laboratories, Inc."
      },
      "licenses" : [ {
        "expression" : "Zlib"
      } ]
    }, {
      "scope" : "required",
      "type" : "library",
      "bom-ref" : "simplicity_sdk:2025.6.2:enum",
      "name" : "Enumerations",
      "version" : "2025.6.2",
      "supplier" : {
        "name" : "Silicon Laboratories, Inc."
      },
      "licenses" : [ {
        "expression" : "Zlib"
      } ]
    }, {
      "scope" : "required",
      "type" : "library",
      "bom-ref" : "simplicity_sdk:2025.6.2:power_manager_core_impl_sleep_loop",
      "name" : "Power Manager: Core implementation",
      "version" : "2025.6.2",
      "supplier" : {
        "name" : "Silicon Laboratories, Inc."
      },
      "licenses" : [ {
        "expression" : "Zlib"
      } ]
    }, {
      "scope" : "required",
      "type" : "library",
      "bom-ref" : "simplicity_sdk:2025.6.2:rail_lib_config_module",
      "name" : "RAIL Library, Radio Configurations for Modules",
      "version" : "2025.6.2",
      "supplier" : {
        "name" : "Silicon Laboratories, Inc."
      },
      "licenses" : [ {
        "expression" : "MSLA"
      } ]
    }, {
      "scope" : "required",
      "type" : "library",
      "bom-ref" : "simplicity_sdk:2025.6.2:memory_manager_retention_control",
      "name" : "Memory Manager Retention Control",
      "version" : "2025.6.2",
      "supplier" : {
        "name" : "Silicon Laboratories, Inc."
      },
      "licenses" : [ {
        "expression" : "Zlib"
      } ]
    }, {
      "scope" : "required",
      "type" : "library",
      "bom-ref" : "simplicity_sdk:2025.6.2:bluetooth_feature_gap",
      "name" : "GAP",
      "version" : "2025.6.2",
      "supplier" : {
        "name" : "Silicon Laboratories, Inc."
      },
      "licenses" : [ {
        "expression" : "MSLA"
      } ]
    }, {
      "scope" : "required",
      "type" : "library",
      "bom-ref" : "simplicity_sdk:2025.6.2:nvm3_optimization_disable",
      "name" : "NVM3 disable optimization",
      "version" : "2025.6.2",
      "supplier" : {
        "name" : "Silicon Laboratories, Inc."
      },
      "licenses" : [ {
        "expression" : "Zlib"
      } ]
    }, {
      "scope" : "required",
      "type" : "library",
      "bom-ref" : "simplicity_sdk:2025.6.2:sli_protocol_crypto",
      "name" : "Accelerated Crypto Primitives (CRYPTO and RADIOAES)",
      "version" : "2025.6.2",
      "supplier" : {
        "name" : "Silicon Laboratories, Inc."
      },
      "licenses" : [ {
        "expression" : "Zlib"
      } ]
    }, {
      "scope" : "required",
      "type" : "library",
      "bom-ref" : "simplicity_sdk:2025.6.2:sl_main_memory_init",
      "name" : "sl_main Setup",
      "version" : "2025.6.2",
      "supplier" : {
        "name" : "Silicon Laboratories, Inc."
      },
      "licenses" : [ {
        "expression" : "Zlib"
      } ]
    }, {
      "scope" : "required",
      "type" : "library",
      "bom-ref" : "simplicity_sdk:2025.6.2:bluetooth_gattdb_definition",
      "name" : "Bluetooth GATT database structure definition",
      "version" : "2025.6.2",
      "supplier" : {
        "name" : "Silicon Laboratories, Inc."
      },
      "licenses" : [ {
        "expression" : "MSLA"
      } ]
    }, {
      "scope" : "required",
      "type" : "library",
      "bom-ref" : "simplicity_sdk:2025.6.2:atomic",
      "name" : "Atomic Operations Library",
      "version" : "2025.6.2",
      "supplier" : {
        "name" : "Silicon Laboratories, Inc."
      },
      "licenses" : [ {
        "expression" : "Zlib"
      } ]
    }, {
      "scope" : "required",
      "type" : "library",
      "bom-ref" : "simplicity_sdk:2025.6.2:code_classification",
      "name" : "Code Classification",
      "version" : "2025.6.2",
      "supplier" : {
        "name" : "Silicon Laboratories, Inc."
      },
      "licenses" : [ {
        "expression" : "Zlib"
      } ]
    }, {
      "scope" : "required",
      "type" : "library",
      "bom-ref" : "simplicity_sdk:2025.6.2:memory_manager",
      "name" : "Memory Manager",
      "version" : "2025.6.2",
      "supplier" : {
        "name" : "Silicon Laboratories, Inc."
      },
      "licenses" : [ {
        "expression" : "Zlib"
      } ]
    }, {
      "scope" : "required",
      "type" : "library",
      "bom-ref" : "simplicity_sdk:2025.6.2:status",
      "name" : "Status Codes Definitions",
      "version" : "2025.6.2",
      "supplier" : {
        "name" : "Silicon Laboratories, Inc."
      },
      "licenses" : [ {
        "expression" : "Zlib"
      } ]
    }, {
      "scope" : "required",
      "type" : "library",
      "bom-ref" : "simplicity_sdk:2025.6.2:emlib_chip",
      "name" : "CHIP",
      "version" : "2025.6.2",
      "supplier" : {
        "name" : "Silicon Laboratories, Inc."
      },
      "licenses" : [ {
        "expression" : "Zlib"
      } ]
    }, {
      "scope" : "required",
      "type" : "library",
      "bom-ref" : "simplicity_sdk:2025.6.2:rail_lib_singleprotocol",
      "name" : "RAIL Library, Single Protocol",
      "version" : "2025.6.2",
      "supplier" : {
        "name" : "Silicon Laboratories, Inc."
      },
      "licenses" : [ {
        "expression" : "MSLA"
      } ]
    }, {
      "scope" : "required",
      "type" : "library",
      "bom-ref" : "simplicity_sdk:2025.6.2:bluetooth_feature_builtin_bonding_database",
      "name" : "Built-in Bluetooth bonding database",
      "version" : "2025.6.2",
      "supplier" : {
        "name" : "Silicon Laboratories, Inc."
      },
      "licenses" : [ {
        "expression" : "MSLA"
      } ]
    }, {
      "scope" : "required",
      "type" : "library",
      "bom-ref" : "simplicity_sdk:2025.6.2:memory_manager_pool",
      "name" : "Memory Manager Memory Pool",
      "version" : "2025.6.2",
      "supplier" : {
        "name" : "Silicon Laboratories, Inc."
      },
      "licenses" : [ {
        "expression" : "Zlib"
      } ]
    }, {
      "scope" : "required",
      "type" : "library",
      "bom-ref" : "simplicity_sdk:2025.6.2:bluetooth_device_compatibility",
      "name" : "Device compatibility defines for Bluetooth features",
      "version" : "2025.6.2",
      "supplier" : {
        "name" : "Silicon Laboratories, Inc."
      },
      "licenses" : [ {
        "expression" : "MSLA"
      } ]
    }, {
      "scope" : "required",
      "type" : "library",
      "bom-ref" : "simplicity_sdk:2025.6.2:MGM260PD32VNA_config",
      "name" : "MGM260PD32VNA config",
      "version" : "2025.6.2",
      "supplier" : {
        "name" : "Silicon Laboratories, Inc."
      },
      "licenses" : [ {
        "expression" : "Zlib"
      } ]
    }, {
      "scope" : "required",
      "type" : "library",
      "bom-ref" : "simplicity_sdk:2025.6.2:emlib_cmu",
      "name" : "CMU",
      "version" : "2025.6.2",
      "supplier" : {
        "name" : "Silicon Laboratories, Inc."
      },
      "licenses" : [ {
        "expression" : "Zlib"
      } ]
    }, {
      "scope" : "required",
      "type" : "library",
      "bom-ref" : "simplicity_sdk:2025.6.2:bluetooth_host_release_libraries",
      "name" : "Bluetooth Low Energy Host Library",
      "version" : "2025.6.2",
      "supplier" : {
        "name" : "Silicon Laboratories, Inc."
      },
      "licenses" : [ {
        "expression" : "MSLA"
      } ]
    }, {
      "scope" : "required",
      "type" : "library",
      "bom-ref" : "simplicity_sdk:2025.6.2:emlib_syscfg",
      "name" : "SYSCFG",
      "version" : "2025.6.2",
      "supplier" : {
        "name" : "Silicon Laboratories, Inc."
      },
      "licenses" : [ {
        "expression" : "Zlib"
      } ]
    }, {
      "scope" : "required",
      "type" : "library",
      "bom-ref" : "simplicity_sdk:2025.6.2:trustzone_unaware",
      "name" : "TrustZone Unaware",
      "version" : "2025.6.2",
      "supplier" : {
        "name" : "Silicon Laboratories, Inc."
      },
      "licenses" : [ {
        "expression" : "Zlib"
      } ]
    }, {
      "scope" : "required",
      "type" : "library",
      "bom-ref" : "simplicity_sdk:2025.6.2:psa_se_driver",
      "name" : "PSA SE Driver Source Code",
      "version" : "2025.6.2",
      "supplier" : {
        "name" : "Silicon Laboratories, Inc."
      },
      "licenses" : [ {
        "expression" : "Zlib"
      } ]
    }, {
      "scope" : "required",
      "type" : "library",
      "bom-ref" : "simplicity_sdk:2025.6.2:hfxo_manager",
      "name" : "HFXO Manager",
      "version" : "2025.6.2",
      "supplier" : {
        "name" : "Silicon Laboratories, Inc."
      },
      "licenses" : [ {
        "expression" : "Zlib"
      } ]
    }, {
      "scope" : "required",
      "type" : "library",
      "bom-ref" : "simplicity_sdk:2025.6.2:hal_common",
      "name" : "Common Headers",
      "version" : "2025.6.2",
      "supplier" : {
        "name" : "Silicon Laboratories, Inc."
      },
      "licenses" : [ {
        "expression" : "Zlib"
      } ]
    }, {
      "scope" : "required",
      "type" : "library",
      "bom-ref" : "simplicity_sdk:2025.6.2:bgapi_protocol",
      "name" : "BGAPI Protocol",
      "version" : "2025.6.2",
      "supplier" : {
        "name" : "Silicon Laboratories, Inc."
      },
      "licenses" : [ {
        "expression" : "Zlib AND MSLA"
      } ]
    }, {
      "scope" : "required",
      "type" : "library",
      "bom-ref" : "simplicity_sdk:2025.6.2:device_peripheral_hal",
      "name" : "Device Manager Peripheral HAL",
      "version" : "2025.6.2",
      "supplier" : {
        "name" : "Silicon Laboratories, Inc."
      },
      "licenses" : [ {
        "expression" : "Zlib"
      } ]
    }, {
      "scope" : "required",
      "type" : "library",
      "bom-ref" : "simplicity_sdk:2025.6.2:brd2713a_config",
      "name" : "brd2713a config",
      "version" : "2025.6.2",
      "supplier" : {
        "name" : "Silicon Laboratories, Inc."
      },
      "licenses" : [ {
        "expression" : "Zlib"
      } ]
    }, {
      "scope" : "required",
      "type" : "library",
      "bom-ref" : "simplicity_sdk:2025.6.2:interrupt_manager",
      "name" : "Interrupt Manager",
      "version" : "2025.6.2",
      "supplier" : {
        "name" : "Silicon Laboratories, Inc."
      },
      "licenses" : [ {
        "expression" : "Zlib"
      } ]
    }, {
      "scope" : "required",
      "type" : "library",
      "bom-ref" : "simplicity_sdk:2025.6.2:ecode",
      "name" : "EMDRV Common Headers",
      "version" : "2025.6.2",
      "supplier" : {
        "name" : "Silicon Laboratories, Inc."
      },
      "licenses" : [ {
        "expression" : "Zlib"
      } ]
    }, {
      "scope" : "required",
      "type" : "library",
      "bom-ref" : "simplicity_sdk:2025.6.2:psa_crypto",
      "name" : "PSA Crypto",
      "version" : "2025.6.2",
      "supplier" : {
        "name" : "Silicon Laboratories, Inc."
      },
      "licenses" : [ {
        "expression" : "Zlib AND Apache-2.0"
      } ],
      "pedigree" : {
        "ancestors" : [ {
          "scope" : "required",
          "type" : "library",
          "bom-ref" : "psa_crypto:v3.6.2",
          "name" : "Mbed TLS",
          "version" : "v3.6.2",
          "supplier" : {
            "name" : "Trusted Firmware"
          },
          "externalReferences" : [ {
            "type" : "website",
            "url" : "https://github.com/Mbed-TLS/mbedtls.git"
          } ],
          "pedigree" : {
            "notes" : "Mbed TLS is a C library implementing the PSA Cryptography API, cryptographic primitives, X.509 certificate manipulation and the SSL/TLS and DTLS protocols"
          }
        } ]
      }
    }, {
      "scope" : "required",
      "type" : "library",
      "bom-ref" : "simplicity_sdk:2025.6.2:emlib_prs",
      "name" : "PRS",
      "version" : "2025.6.2",
      "supplier" : {
        "name" : "Silicon Laboratories, Inc."
      },
      "licenses" : [ {
        "expression" : "Zlib"
      } ]
    }, {
      "scope" : "required",
      "type" : "library",
      "bom-ref" : "simplicity_sdk:2025.6.2:psa_driver",
      "name" : "Drivers for Crypto Acceleration",
      "version" : "2025.6.2",
      "supplier" : {
        "name" : "Silicon Laboratories, Inc."
      },
      "licenses" : [ {
        "expression" : "Zlib"
      } ]
    }, {
      "scope" : "required",
      "type" : "library",
      "bom-ref" : "simplicity_sdk:2025.6.2:clock_manager_runtime",
      "name" : "Clock Manager Runtime",
      "version" : "2025.6.2",
      "supplier" : {
        "name" : "Silicon Laboratories, Inc."
      },
      "licenses" : [ {
        "expression" : "Zlib"
      } ]
    }, {
      "scope" : "required",
      "type" : "library",
      "bom-ref" : "simplicity_sdk:2025.6.2:psa_crypto_source",
      "name" : "Source Code",
      "version" : "2025.6.2",
      "supplier" : {
        "name" : "Silicon Laboratories, Inc."
      },
      "licenses" : [ {
        "expression" : "Apache-2.0"
      } ],
      "pedigree" : {
        "ancestors" : [ {
          "scope" : "required",
          "type" : "library",
          "bom-ref" : "psa_crypto_source:v3.6.2",
          "name" : "Mbed TLS",
          "version" : "v3.6.2",
          "supplier" : {
            "name" : "Trusted Firmware"
          },
          "externalReferences" : [ {
            "type" : "website",
            "url" : "https://github.com/Mbed-TLS/mbedtls.git"
          } ],
          "pedigree" : {
            "notes" : "Mbed TLS is a C library implementing the PSA Cryptography API, cryptographic primitives, X.509 certificate manipulation and the SSL/TLS and DTLS protocols"
          }
        } ]
      }
    }, {
      "scope" : "required",
      "type" : "library",
      "bom-ref" : "simplicity_sdk:2025.6.2:memory_manager_retention_control_hal",
      "name" : "Memory Manager Retention Control HAL",
      "version" : "2025.6.2",
      "supplier" : {
        "name" : "Silicon Laboratories, Inc."
      },
      "licenses" : [ {
        "expression" : "Zlib"
      } ]
    }, {
      "scope" : "required",
      "type" : "library",
      "bom-ref" : "simplicity_sdk:2025.6.2:sli_psec_osal",
      "name" : "OS Abstraction Layer",
      "version" : "2025.6.2",
      "supplier" : {
        "name" : "Silicon Laboratories, Inc."
      },
      "licenses" : [ {
        "expression" : "Zlib"
      } ]
    }, {
      "scope" : "required",
      "type" : "library",
      "bom-ref" : "simplicity_sdk:2025.6.2:udelay",
      "name" : "Microsecond Delay",
      "version" : "2025.6.2",
      "supplier" : {
        "name" : "Silicon Laboratories, Inc."
      },
      "licenses" : [ {
        "expression" : "Zlib"
      } ]
    }, {
      "scope" : "required",
      "type" : "library",
      "bom-ref" : "simplicity_sdk:2025.6.2:device_peripheral",
      "name" : "Device Manager Peripheral",
      "version" : "2025.6.2",
      "supplier" : {
        "name" : "Silicon Laboratories, Inc."
      },
      "licenses" : [ {
        "expression" : "Zlib"
      } ]
    }, {
      "scope" : "required",
      "type" : "library",
      "bom-ref" : "simplicity_sdk:2025.6.2:nvm3_default",
      "name" : "NVM3 Default Instance",
      "version" : "2025.6.2",
      "supplier" : {
        "name" : "Silicon Laboratories, Inc."
      },
      "licenses" : [ {
        "expression" : "Zlib"
      } ]
    }, {
      "scope" : "required",
      "type" : "library",
      "bom-ref" : "simplicity_sdk:2025.6.2:app_timer",
      "name" : "Timer",
      "version" : "2025.6.2",
      "supplier" : {
        "name" : "Silicon Laboratories, Inc."
      },
      "licenses" : [ {
        "expression" : "Zlib"
      } ]
    }, {
      "scope" : "required",
      "type" : "library",
      "bom-ref" : "simplicity_sdk:2025.6.2:se_manager_mailbox",
      "name" : "SE mailbox utilities",
      "version" : "2025.6.2",
      "supplier" : {
        "name" : "Silicon Laboratories, Inc."
      },
      "licenses" : [ {
        "expression" : "Zlib"
      } ]
    }, {
      "scope" : "required",
      "type" : "library",
      "bom-ref" : "simplicity_sdk:2025.6.2:se_manager_config",
      "name" : "Config",
      "version" : "2025.6.2",
      "supplier" : {
        "name" : "Silicon Laboratories, Inc."
      },
      "licenses" : [ {
        "expression" : "Zlib"
      } ]
    }, {
      "scope" : "required",
      "type" : "library",
      "bom-ref" : "simplicity_sdk:2025.6.2:psa_crypto_ecc",
      "name" : "ECC",
      "version" : "2025.6.2",
      "supplier" : {
        "name" : "Silicon Laboratories, Inc."
      },
      "licenses" : [ {
        "expression" : "Apache-2.0"
      } ],
      "pedigree" : {
        "ancestors" : [ {
          "scope" : "required",
          "type" : "library",
          "bom-ref" : "psa_crypto_ecc:v3.6.2",
          "name" : "Mbed TLS",
          "version" : "v3.6.2",
          "supplier" : {
            "name" : "Trusted Firmware"
          },
          "externalReferences" : [ {
            "type" : "website",
            "url" : "https://github.com/Mbed-TLS/mbedtls.git"
          } ],
          "pedigree" : {
            "notes" : "Mbed TLS is a C library implementing the PSA Cryptography API, cryptographic primitives, X.509 certificate manipulation and the SSL/TLS and DTLS protocols"
          }
        } ]
      }
    }, {
      "scope" : "required",
      "type" : "library",
      "bom-ref" : "simplicity_sdk:2025.6.2:power_manager_handler_implementation",
      "name" : "Power Manager: Handler",
      "version" : "2025.6.2",
      "supplier" : {
        "name" : "Silicon Laboratories, Inc."
      },
      "licenses" : [ {
        "expression" : "Zlib"
      } ]
    }, {
      "scope" : "required",
      "type" : "library",
      "bom-ref" : "simplicity_sdk:2025.6.2:mbedtls_source",
      "name" : "Source Code",
      "version" : "2025.6.2",
      "supplier" : {
        "name" : "Silicon Laboratories, Inc."
      },
      "licenses" : [ {
        "expression" : "Apache-2.0"
      } ],
      "pedigree" : {
        "ancestors" : [ {
          "scope" : "required",
          "type" : "library",
          "bom-ref" : "mbedtls_source:v3.6.2",
          "name" : "Mbed TLS",
          "version" : "v3.6.2",
          "supplier" : {
            "name" : "Trusted Firmware"
          },
          "externalReferences" : [ {
            "type" : "website",
            "url" : "https://github.com/Mbed-TLS/mbedtls.git"
          } ],
          "pedigree" : {
            "notes" : "Mbed TLS is a C library implementing the PSA Cryptography API, cryptographic primitives, X.509 certificate manipulation and the SSL/TLS and DTLS protocols"
          }
        } ]
      }
    }, {
      "scope" : "required",
      "type" : "library",
      "bom-ref" : "simplicity_sdk:2025.6.2:bluetooth_common_libraries_release",
      "name" : "bluetooth_common_libraries_release",
      "version" : "2025.6.2",
      "supplier" : {
        "name" : "Silicon Laboratories, Inc."
      },
      "licenses" : [ {
        "expression" : "MSLA"
      } ]
    }, {
      "scope" : "required",
      "type" : "library",
      "bom-ref" : "simplicity_sdk:2025.6.2:memory_profiler_api",
      "name" : "Memory Profiler API",
      "version" : "2025.6.2",
      "supplier" : {
        "name" : "Silicon Laboratories, Inc."
      },
      "licenses" : [ {
        "expression" : "Zlib"
      } ]
    }, {
      "scope" : "required",
      "type" : "library",
      "bom-ref" : "simplicity_sdk:2025.6.2:board_control",
      "name" : "Board Control",
      "version" : "2025.6.2",
      "supplier" : {
        "name" : "Silicon Laboratories, Inc."
      },
      "licenses" : [ {
        "expression" : "Zlib"
      } ]
    }, {
      "scope" : "required",
      "type" : "library",
      "bom-ref" : "simplicity_sdk:2025.6.2:device_init_core",
      "name" : "Core",
      "version" : "2025.6.2",
      "supplier" : {
        "name" : "Silicon Laboratories, Inc."
      },
      "licenses" : [ {
        "expression" : "Zlib"
      } ]
    }, {
      "scope" : "required",
      "type" : "library",
      "bom-ref" : "simplicity_sdk:2025.6.2:power_manager_core",
      "name" : "Power Manager: Core",
      "version" : "2025.6.2",
      "supplier" : {
        "name" : "Silicon Laboratories, Inc."
      },
      "licenses" : [ {
        "expression" : "Zlib"
      } ]
    }, {
      "scope" : "required",
      "type" : "library",
      "bom-ref" : "simplicity_sdk:2025.6.2:psa_crypto_cmac",
      "name" : "CMAC",
      "version" : "2025.6.2",
      "supplier" : {
        "name" : "Silicon Laboratories, Inc."
      },
      "licenses" : [ {
        "expression" : "Apache-2.0"
      } ],
      "pedigree" : {
        "ancestors" : [ {
          "scope" : "required",
          "type" : "library",
          "bom-ref" : "psa_crypto_cmac:v3.6.2",
          "name" : "Mbed TLS",
          "version" : "v3.6.2",
          "supplier" : {
            "name" : "Trusted Firmware"
          },
          "externalReferences" : [ {
            "type" : "website",
            "url" : "https://github.com/Mbed-TLS/mbedtls.git"
          } ],
          "pedigree" : {
            "notes" : "Mbed TLS is a C library implementing the PSA Cryptography API, cryptographic primitives, X.509 certificate manipulation and the SSL/TLS and DTLS protocols"
          }
        } ]
      }
    }, {
      "scope" : "required",
      "type" : "library",
      "bom-ref" : "simplicity_sdk:2025.6.2:mbedtls_slcrypto_driver",
      "name" : "Drivers for Silicon Labs Crypto Acceleration",
      "version" : "2025.6.2",
      "supplier" : {
        "name" : "Silicon Laboratories, Inc."
      },
      "licenses" : [ {
        "expression" : "Zlib"
      } ]
    }, {
      "scope" : "required",
      "type" : "library",
      "bom-ref" : "simplicity_sdk:2025.6.2:emlib_system",
      "name" : "SYSTEM",
      "version" : "2025.6.2",
      "supplier" : {
        "name" : "Silicon Laboratories, Inc."
      },
      "licenses" : [ {
        "expression" : "Zlib"
      } ]
    }, {
      "scope" : "required",
      "type" : "library",
      "bom-ref" : "simplicity_sdk:2025.6.2:rail_lib",
      "name" : "RAIL Library, Core",
      "version" : "2025.6.2",
      "supplier" : {
        "name" : "Silicon Laboratories, Inc."
      },
      "licenses" : [ {
        "expression" : "MSLA"
      } ]
    }, {
      "scope" : "required",
      "type" : "library",
      "bom-ref" : "simplicity_sdk:2025.6.2:hal_gpio",
      "name" : "GPIO",
      "version" : "2025.6.2",
      "supplier" : {
        "name" : "Silicon Laboratories, Inc."
      },
      "licenses" : [ {
        "expression" : "Zlib"
      } ]
    }, {
      "scope" : "required",
      "type" : "library",
      "bom-ref" : "simplicity_sdk:2025.6.2:se_manager",
      "name" : "SE Manager",
      "version" : "2025.6.2",
      "supplier" : {
        "name" : "Silicon Laboratories, Inc."
      },
      "licenses" : [ {
        "expression" : "Zlib"
      } ]
    }, {
      "scope" : "required",
      "type" : "library",
      "bom-ref" : "simplicity_sdk:2025.6.2:rail_util_sequencer",
      "name" : "RAIL Utility, Radio Sequencer Image Selection",
      "version" : "2025.6.2",
      "supplier" : {
        "name" : "Silicon Laboratories, Inc."
      },
      "licenses" : [ {
        "expression" : "Zlib"
      } ]
    }, {
      "scope" : "required",
      "type" : "library",
      "bom-ref" : "simplicity_sdk:2025.6.2:bluetooth_controller",
      "name" : "Bluetooth Low Energy Controller",
      "version" : "2025.6.2",
      "supplier" : {
        "name" : "Silicon Laboratories, Inc."
      },
      "licenses" : [ {
        "expression" : "MSLA"
      } ]
    }, {
      "scope" : "required",
      "type" : "library",
      "bom-ref" : "simplicity_sdk:2025.6.2:event_handler",
      "name" : "Event Handler",
      "version" : "2025.6.2",
      "supplier" : {
        "name" : "Silicon Laboratories, Inc."
      },
      "licenses" : [ {
        "expression" : "Zlib"
      } ]
    }, {
      "scope" : "required",
      "type" : "library",
      "bom-ref" : "simplicity_sdk:2025.6.2:bluetooth_feature_connection",
      "name" : "Connection",
      "version" : "2025.6.2",
      "supplier" : {
        "name" : "Silicon Laboratories, Inc."
      },
      "licenses" : [ {
        "expression" : "Zlib AND MSLA"
      } ]
    }, {
      "scope" : "required",
      "type" : "library",
      "bom-ref" : "simplicity_sdk:2025.6.2:memory_manager_region",
      "name" : "Memory Manager region",
      "version" : "2025.6.2",
      "supplier" : {
        "name" : "Silicon Laboratories, Inc."
      },
      "licenses" : [ {
        "expression" : "Zlib"
      } ]
    }, {
      "scope" : "required",
      "type" : "library",
      "bom-ref" : "simplicity_sdk:2025.6.2:bootloader_app_properties",
      "name" : "App Properties",
      "version" : "2025.6.2",
      "supplier" : {
        "name" : "Silicon Laboratories, Inc."
      },
      "licenses" : [ {
        "expression" : "Zlib"
      } ]
    }, {
      "scope" : "required",
      "type" : "library",
      "bom-ref" : "simplicity_sdk:2025.6.2:emlib_msc",
      "name" : "MSC",
      "version" : "2025.6.2",
      "supplier" : {
        "name" : "Silicon Laboratories, Inc."
      },
      "licenses" : [ {
        "expression" : "Zlib"
      } ]
    }, {
      "scope" : "required",
      "type" : "library",
      "bom-ref" : "simplicity_sdk:2025.6.2:bootloader_interface_s2",
      "name" : "Bootloader Application Interface Series 2",
      "version" : "2025.6.2",
      "supplier" : {
        "name" : "Silicon Laboratories, Inc."
      },
      "licenses" : [ {
        "expression" : "MSLA"
      } ]
    }, {
      "scope" : "required",
      "type" : "library",
      "bom-ref" : "simplicity_sdk:2025.6.2:bluetooth_feature_advertiser",
      "name" : "Advertising Base Feature",
      "version" : "2025.6.2",
      "supplier" : {
        "name" : "Silicon Laboratories, Inc."
      },
      "licenses" : [ {
        "expression" : "Zlib AND MSLA"
      } ]
    }, {
      "scope" : "required",
      "type" : "library",
      "bom-ref" : "simplicity_sdk:2025.6.2:device_i2c",
      "name" : "Device Manager I2C",
      "version" : "2025.6.2",
      "supplier" : {
        "name" : "Silicon Laboratories, Inc."
      },
      "licenses" : [ {
        "expression" : "Zlib"
      } ]
    }, {
      "scope" : "required",
      "type" : "library",
      "bom-ref" : "simplicity_sdk:2025.6.2:sli_crypto",
      "name" : "Accelerated Crypto Primitives",
      "version" : "2025.6.2",
      "supplier" : {
        "name" : "Silicon Laboratories, Inc."
      },
      "licenses" : [ {
        "expression" : "Zlib"
      } ]
    }, {
      "scope" : "required",
      "type" : "library",
      "bom-ref" : "simplicity_sdk:2025.6.2:sl_rail_util_built_in_phys",
      "name" : "SL RAIL Utility, Built-in PHYs Across HFXO Frequencies",
      "version" : "2025.6.2",
      "supplier" : {
        "name" : "Silicon Laboratories, Inc."
      },
      "licenses" : [ {
        "expression" : "Zlib"
      } ]
    }, {
      "scope" : "required",
      "type" : "library",
      "bom-ref" : "simplicity_sdk:2025.6.2:power_manager_deepsleep",
      "name" : "Power Manager: Deepsleep",
      "version" : "2025.6.2",
      "supplier" : {
        "name" : "Silicon Laboratories, Inc."
      },
      "licenses" : [ {
        "expression" : "Zlib"
      } ]
    }, {
      "scope" : "required",
      "type" : "library",
      "bom-ref" : "simplicity_sdk:2025.6.2:interrupt_manager_cortexm",
      "name" : "Interrupt Manager Cortex-M",
      "version" : "2025.6.2",
      "supplier" : {
        "name" : "Silicon Laboratories, Inc."
      },
      "licenses" : [ {
        "expression" : "Zlib"
      } ]
    }, {
      "scope" : "required",
      "type" : "library",
      "bom-ref" : "simplicity_sdk:2025.6.2:rail_util_features",
      "name" : "RAIL Library Features, Core",
      "version" : "2025.6.2",
      "supplier" : {
        "name" : "Silicon Laboratories, Inc."
      },
      "licenses" : [ {
        "expression" : "MSLA"
      } ]
    }, {
      "scope" : "required",
      "type" : "library",
      "bom-ref" : "simplicity_sdk:2025.6.2:apploader",
      "name" : "AppLoader Support for Applications",
      "version" : "2025.6.2",
      "supplier" : {
        "name" : "Silicon Laboratories, Inc."
      },
      "licenses" : [ {
        "expression" : "MSLA"
      } ]
    }, {
      "scope" : "required",
      "type" : "library",
      "bom-ref" : "simplicity_sdk:2025.6.2:bluetooth_host_adaptation",
      "name" : "System adaptation layer used by the Bluetooth host stack",
      "version" : "2025.6.2",
      "supplier" : {
        "name" : "Silicon Laboratories, Inc."
      },
      "licenses" : [ {
        "expression" : "Zlib AND MSLA"
      } ]
    }, {
      "scope" : "required",
      "type" : "library",
      "bom-ref" : "simplicity_sdk:2025.6.2:bluetooth_common",
      "name" : "Bluetooth Low Energy Common Component",
      "version" : "2025.6.2",
      "supplier" : {
        "name" : "Silicon Laboratories, Inc."
      },
      "licenses" : [ {
        "expression" : "MSLA"
      } ]
    }, {
      "scope" : "required",
      "type" : "library",
      "bom-ref" : "simplicity_sdk:2025.6.2:brd2713a",
      "name" : "BRD2713A",
      "version" : "2025.6.2",
      "supplier" : {
        "name" : "Silicon Laboratories, Inc."
      },
      "licenses" : [ {
        "expression" : "Zlib"
      } ]
    }, {
      "scope" : "required",
      "type" : "library",
      "bom-ref" : "simplicity_sdk:2025.6.2:rail_util_power_manager_init",
      "name" : "RAIL Utility, Power manager init",
      "version" : "2025.6.2",
      "supplier" : {
        "name" : "Silicon Laboratories, Inc."
      },
      "licenses" : [ {
        "expression" : "Zlib"
      } ]
    }, {
      "scope" : "required",
      "type" : "library",
      "bom-ref" : "simplicity_sdk:2025.6.2:emlib_gpio",
      "name" : "GPIO",
      "version" : "2025.6.2",
      "supplier" : {
        "name" : "Silicon Laboratories, Inc."
      },
      "licenses" : [ {
        "expression" : "Zlib"
      } ]
    }, {
      "scope" : "required",
      "type" : "library",
      "bom-ref" : "simplicity_sdk:2025.6.2:nvm3_default_flash_backend",
      "name" : "NVM3 back-end for default instance in flash",
      "version" : "2025.6.2",
      "supplier" : {
        "name" : "Silicon Laboratories, Inc."
      },
      "licenses" : [ {
        "expression" : "Zlib"
      } ]
    }, {
      "scope" : "required",
      "type" : "library",
      "bom-ref" : "simplicity_sdk:2025.6.2:device_clock_hal",
      "name" : "Device Manager Clock HAL",
      "version" : "2025.6.2",
      "supplier" : {
        "name" : "Silicon Laboratories, Inc."
      },
      "licenses" : [ {
        "expression" : "Zlib"
      } ]
    }, {
      "scope" : "required",
      "type" : "library",
      "bom-ref" : "simplicity_sdk:2025.6.2:bluetooth_version",
      "name" : "Bluetooth Version",
      "version" : "2025.6.2",
      "supplier" : {
        "name" : "Silicon Laboratories, Inc."
      },
      "licenses" : [ {
        "expression" : "MSLA"
      } ]
    }, {
      "scope" : "required",
      "type" : "library",
      "bom-ref" : "simplicity_sdk:2025.6.2:bluetooth_feature_scanner",
      "name" : "Scanner Base Feature",
      "version" : "2025.6.2",
      "supplier" : {
        "name" : "Silicon Laboratories, Inc."
      },
      "licenses" : [ {
        "expression" : "MSLA"
      } ]
    }, {
      "scope" : "required",
      "type" : "library",
      "bom-ref" : "simplicity_sdk:2025.6.2:mbedtls_slcrypto",
      "name" : "Silicon Labs Mbed TLS support",
      "version" : "2025.6.2",
      "supplier" : {
        "name" : "Silicon Laboratories, Inc."
      },
      "licenses" : [ {
        "expression" : "Zlib"
      } ]
    }, {
      "scope" : "required",
      "type" : "library",
      "bom-ref" : "simplicity_sdk:2025.6.2:sl_assert",
      "name" : "Assert Functions",
      "version" : "2025.6.2",
      "supplier" : {
        "name" : "Silicon Laboratories, Inc."
      },
      "licenses" : [ {
        "expression" : "Zlib"
      } ]
    }, {
      "scope" : "required",
      "type" : "library",
      "bom-ref" : "simplicity_sdk:2025.6.2:device_clock",
      "name" : "Device Manager Clock",
      "version" : "2025.6.2",
      "supplier" : {
        "name" : "Silicon Laboratories, Inc."
      },
      "licenses" : [ {
        "expression" : "Zlib"
      } ]
    }, {
      "scope" : "required",
      "type" : "library",
      "bom-ref" : "simplicity_sdk:2025.6.2:component_catalog",
      "name" : "Component Catalog",
      "version" : "2025.6.2",
      "supplier" : {
        "name" : "Silicon Laboratories, Inc."
      },
      "licenses" : [ {
        "expression" : "Zlib"
      } ]
    }, {
      "scope" : "required",
      "type" : "library",
      "bom-ref" : "simplicity_sdk:2025.6.2:emlib_emu",
      "name" : "EMU",
      "version" : "2025.6.2",
      "supplier" : {
        "name" : "Silicon Laboratories, Inc."
      },
      "licenses" : [ {
        "expression" : "Zlib"
      } ]
    }, {
      "scope" : "required",
      "type" : "library",
      "bom-ref" : "simplicity_sdk:2025.6.2:rail_util_pa",
      "name" : "RAIL Utility, PA",
      "version" : "2025.6.2",
      "supplier" : {
        "name" : "Silicon Laboratories, Inc."
      },
      "licenses" : [ {
        "expression" : "Zlib"
      } ]
    }, {
      "scope" : "required",
      "type" : "library",
      "bom-ref" : "simplicity_sdk:2025.6.2:clock_manager_runtime_hal_s2",
      "name" : "Clock Manager Runtime HAL Series 2",
      "version" : "2025.6.2",
      "supplier" : {
        "name" : "Silicon Laboratories, Inc."
      },
      "licenses" : [ {
        "expression" : "Zlib"
      } ]
    }, {
      "scope" : "required",
      "type" : "library",
      "bom-ref" : "simplicity_sdk:2025.6.2:emlib_burtc",
      "name" : "BURTC",
      "version" : "2025.6.2",
      "supplier" : {
        "name" : "Silicon Laboratories, Inc."
      },
      "licenses" : [ {
        "expression" : "Zlib"
      } ]
    }, {
      "scope" : "required",
      "type" : "library",
      "bom-ref" : "simplicity_sdk:2025.6.2:psa_its",
      "name" : "PSA Persistent Storage Support (ITS)",
      "version" : "2025.6.2",
      "supplier" : {
        "name" : "Silicon Laboratories, Inc."
      },
      "licenses" : [ {
        "expression" : "Zlib AND MSLA AND BSD-3-Clause"
      } ],
      "pedigree" : {
        "ancestors" : [ {
          "scope" : "required",
          "type" : "library",
          "bom-ref" : "psa_its:v1.5",
          "name" : "TrustedFirmware-M (TF-M)",
          "version" : "v1.5",
          "supplier" : {
            "name" : "Trusted Firmware"
          },
          "externalReferences" : [ {
            "type" : "website",
            "url" : "https://review.trustedfirmware.org/TF-M/trusted-firmware-m.git"
          } ],
          "pedigree" : {
            "notes" : "Trusted Firmware for M profile Arm CPUs"
          }
        } ]
      }
    }, {
      "scope" : "required",
      "type" : "library",
      "bom-ref" : "simplicity_sdk:2025.6.2:bluetooth_controller_crypto",
      "name" : "Bluetooth Core Crypto Configuration for Controller",
      "version" : "2025.6.2",
      "supplier" : {
        "name" : "Silicon Laboratories, Inc."
      },
      "licenses" : [ {
        "expression" : "MSLA"
      } ]
    }, {
      "scope" : "required",
      "type" : "library",
      "bom-ref" : "simplicity_sdk:2025.6.2:emlib_common",
      "name" : "Common Headers",
      "version" : "2025.6.2",
      "supplier" : {
        "name" : "Silicon Laboratories, Inc."
      },
      "licenses" : [ {
        "expression" : "Zlib"
      } ]
    }, {
      "scope" : "required",
      "type" : "library",
      "bom-ref" : "simplicity_sdk:2025.6.2:mbedtls_core",
      "name" : "Mbed TLS",
      "version" : "2025.6.2",
      "supplier" : {
        "name" : "Silicon Laboratories, Inc."
      },
      "licenses" : [ {
        "expression" : "Zlib AND Apache-2.0"
      } ],
      "pedigree" : {
        "ancestors" : [ {
          "scope" : "required",
          "type" : "library",
          "bom-ref" : "mbedtls_core:v3.6.2",
          "name" : "Mbed TLS",
          "version" : "v3.6.2",
          "supplier" : {
            "name" : "Trusted Firmware"
          },
          "externalReferences" : [ {
            "type" : "website",
            "url" : "https://github.com/Mbed-TLS/mbedtls.git"
          } ],
          "pedigree" : {
            "notes" : "Mbed TLS is a C library implementing the PSA Cryptography API, cryptographic primitives, X.509 certificate manipulation and the SSL/TLS and DTLS protocols"
          }
        } ]
      }
    }, {
      "scope" : "required",
      "type" : "library",
      "bom-ref" : "simplicity_sdk:2025.6.2:sl_core",
      "name" : "core",
      "version" : "2025.6.2",
      "supplier" : {
        "name" : "Silicon Laboratories, Inc."
      },
      "licenses" : [ {
        "expression" : "Zlib"
      } ]
    }, {
      "scope" : "required",
      "type" : "library",
      "bom-ref" : "simplicity_sdk:2025.6.2:rail_util_built_in_phys",
      "name" : "RAIL Utility, Built-in PHYs Across HFXO Frequencies",
      "version" : "2025.6.2",
      "supplier" : {
        "name" : "Silicon Laboratories, Inc."
      },
      "licenses" : [ {
        "expression" : "Zlib"
      } ]
    }, {
      "scope" : "required",
      "type" : "library",
      "bom-ref" : "simplicity_sdk:2025.6.2:bootloader_interface",
      "name" : "Bootloader Application Interface",
      "version" : "2025.6.2",
      "supplier" : {
        "name" : "Silicon Laboratories, Inc."
      },
      "licenses" : [ {
        "expression" : "MSLA"
      } ]
    }, {
      "scope" : "required",
      "type" : "library",
      "bom-ref" : "simplicity_sdk:2025.6.2:mbedtls_platform_dynamic_memory_allocation_config_default",
      "name" : "Default dynamic memory allocation macros for mbedtls",
      "version" : "2025.6.2",
      "supplier" : {
        "name" : "Silicon Laboratories, Inc."
      },
      "licenses" : [ {
        "expression" : "Zlib AND Apache-2.0"
      } ],
      "pedigree" : {
        "ancestors" : [ {
          "scope" : "required",
          "type" : "library",
          "bom-ref" : "mbedtls_platform_dynamic_memory_allocation_config_default:v3.6.2",
          "name" : "Mbed TLS",
          "version" : "v3.6.2",
          "supplier" : {
            "name" : "Trusted Firmware"
          },
          "externalReferences" : [ {
            "type" : "website",
            "url" : "https://github.com/Mbed-TLS/mbedtls.git"
          } ],
          "pedigree" : {
            "notes" : "Mbed TLS is a C library implementing the PSA Cryptography API, cryptographic primitives, X.509 certificate manipulation and the SSL/TLS and DTLS protocols"
          }
        } ]
      }
    }, {
      "scope" : "required",
      "type" : "library",
      "bom-ref" : "simplicity_sdk:2025.6.2:fem_util",
      "name" : "Radio Utility, FEM",
      "version" : "2025.6.2",
      "supplier" : {
        "name" : "Silicon Laboratories, Inc."
      },
      "licenses" : [ {
        "expression" : "Zlib"
      } ]
    }, {
      "scope" : "required",
      "type" : "library",
      "bom-ref" : "simplicity_sdk:2025.6.2:hal_syscfg",
      "name" : "SYSCFG",
      "version" : "2025.6.2",
      "supplier" : {
        "name" : "Silicon Laboratories, Inc."
      },
      "licenses" : [ {
        "expression" : "Zlib"
      } ]
    }, {
      "scope" : "required",
      "type" : "library",
      "bom-ref" : "simplicity_sdk:2025.6.2:cmsis_core",
      "name" : "CMSIS-Core",
      "version" : "2025.6.2",
      "supplier" : {
        "name" : "Silicon Laboratories, Inc."
      },
      "licenses" : [ {
        "expression" : "Apache 2.0"
      } ],
      "pedigree" : {
        "ancestors" : [ {
          "scope" : "required",
          "type" : "library",
          "bom-ref" : "cmsis_core:5.8.0",
          "name" : "CMSIS_5",
          "version" : "5.8.0",
          "supplier" : {
            "name" : "ARM-software"
          },
          "externalReferences" : [ {
            "type" : "website",
            "url" : "https://github.com/ARM-software/CMSIS_5"
          } ],
          "purl" : "pkg:github/ARM-software/CMSIS_5@5.8.0",
          "pedigree" : {
            "notes" : "The CMSIS is a set of tools, APIs, frameworks, and work flows"
          }
        } ]
      }
    }, {
      "scope" : "required",
      "type" : "library",
      "bom-ref" : "simplicity_sdk:2025.6.2:emlib_core",
      "name" : "CORE",
      "version" : "2025.6.2",
      "supplier" : {
        "name" : "Silicon Laboratories, Inc."
      },
      "licenses" : [ {
        "expression" : "Zlib"
      } ]
    }, {
      "scope" : "required",
      "type" : "library",
      "bom-ref" : "simplicity_sdk:2025.6.2:hal_sysrtc",
      "name" : "SYSRTC",
      "version" : "2025.6.2",
      "supplier" : {
        "name" : "Silicon Laboratories, Inc."
      },
      "licenses" : [ {
        "expression" : "Zlib"
      } ]
    }, {
      "scope" : "required",
      "type" : "library",
      "bom-ref" : "simplicity_sdk:2025.6.2:emlib_timer",
      "name" : "TIMER",
      "version" : "2025.6.2",
      "supplier" : {
        "name" : "Silicon Laboratories, Inc."
      },
      "licenses" : [ {
        "expression" : "Zlib"
      } ]
    }, {
      "scope" : "required",
      "type" : "library",
      "bom-ref" : "simplicity_sdk:2025.6.2:psa_crypto_common",
      "name" : "Common",
      "version" : "2025.6.2",
      "supplier" : {
        "name" : "Silicon Laboratories, Inc."
      },
      "licenses" : [ {
        "expression" : "Apache-2.0"
      } ],
      "pedigree" : {
        "ancestors" : [ {
          "scope" : "required",
          "type" : "library",
          "bom-ref" : "psa_crypto_common:v3.6.2",
          "name" : "Mbed TLS",
          "version" : "v3.6.2",
          "supplier" : {
            "name" : "Trusted Firmware"
          },
          "externalReferences" : [ {
            "type" : "website",
            "url" : "https://github.com/Mbed-TLS/mbedtls.git"
          } ],
          "pedigree" : {
            "notes" : "Mbed TLS is a C library implementing the PSA Cryptography API, cryptographic primitives, X.509 certificate manipulation and the SSL/TLS and DTLS protocols"
          }
        } ]
      }
    }, {
      "scope" : "required",
      "type" : "library",
      "bom-ref" : "simplicity_sdk:2025.6.2:sleeptimer",
      "name" : "Sleep Timer",
      "version" : "2025.6.2",
      "supplier" : {
        "name" : "Silicon Laboratories, Inc."
      },
      "licenses" : [ {
        "expression" : "Zlib"
      } ]
    }, {
      "scope" : "required",
      "type" : "library",
      "bom-ref" : "simplicity_sdk:2025.6.2:apploader_util",
      "name" : "AppLoader Utility",
      "version" : "2025.6.2",
      "supplier" : {
        "name" : "Silicon Laboratories, Inc."
      },
      "licenses" : [ {
        "expression" : "MSLA"
      } ]
    }, {
      "scope" : "required",
      "type" : "library",
      "bom-ref" : "simplicity_sdk:2025.6.2:mbedtls_config",
      "name" : "Configuration",
      "version" : "2025.6.2",
      "supplier" : {
        "name" : "Silicon Laboratories, Inc."
      },
      "licenses" : [ {
        "expression" : "Zlib AND Apache-2.0"
      } ],
      "pedigree" : {
        "ancestors" : [ {
          "scope" : "required",
          "type" : "library",
          "bom-ref" : "mbedtls_config:v3.6.2",
          "name" : "Mbed TLS",
          "version" : "v3.6.2",
          "supplier" : {
            "name" : "Trusted Firmware"
          },
          "externalReferences" : [ {
            "type" : "website",
            "url" : "https://github.com/Mbed-TLS/mbedtls.git"
          } ],
          "pedigree" : {
            "notes" : "Mbed TLS is a C library implementing the PSA Cryptography API, cryptographic primitives, X.509 certificate manipulation and the SSL/TLS and DTLS protocols"
          }
        } ]
      }
    }, {
      "scope" : "required",
      "type" : "library",
      "bom-ref" : "simplicity_sdk:2025.6.2:sl_common",
      "name" : "Common Functions",
      "version" : "2025.6.2",
      "supplier" : {
        "name" : "Silicon Laboratories, Inc."
      },
      "licenses" : [ {
        "expression" : "Zlib"
      } ]
    }, {
      "scope" : "required",
      "type" : "library",
      "bom-ref" : "simplicity_sdk:2025.6.2:sl_main_init",
      "name" : "sl main Init",
      "version" : "2025.6.2",
      "supplier" : {
        "name" : "Silicon Laboratories, Inc."
      },
      "licenses" : [ {
        "expression" : "Zlib"
      } ]
    }, {
      "scope" : "required",
      "type" : "library",
      "bom-ref" : "simplicity_sdk:2025.6.2:sl_main_process_action",
      "name" : "sl_main Process Action",
      "version" : "2025.6.2",
      "supplier" : {
        "name" : "Silicon Laboratories, Inc."
      },
      "licenses" : [ {
        "expression" : "Zlib"
      } ]
    }, {
      "scope" : "required",
      "type" : "library",
      "bom-ref" : "simplicity_sdk:2025.6.2:gpio",
      "name" : "GPIO Driver",
      "version" : "2025.6.2",
      "supplier" : {
        "name" : "Silicon Laboratories, Inc."
      },
      "licenses" : [ {
        "expression" : "Zlib"
      } ]
    }, {
      "scope" : "required",
      "type" : "library",
      "bom-ref" : "simplicity_sdk:2025.6.2:app_log",
      "name" : "Log",
      "version" : "2025.6.2",
      "supplier" : {
        "name" : "Silicon Laboratories, Inc."
      },
      "licenses" : [ {
        "expression" : "Zlib"
      } ]
    }, {
      "scope" : "required",
      "type" : "library",
      "bom-ref" : "simplicity_sdk:2025.6.2:dmadrv_core",
      "name" : "DMADRV Core",
      "version" : "2025.6.2",
      "supplier" : {
        "name" : "Silicon Laboratories, Inc."
      },
      "licenses" : [ {
        "expression" : "Zlib"
      } ]
    }, {
      "scope" : "required",
      "type" : "library",
      "bom-ref" : "simplicity_sdk:2025.6.2:emlib_eusart",
      "name" : "EUSART",
      "version" : "2025.6.2",
      "supplier" : {
        "name" : "Silicon Laboratories, Inc."
      },
      "licenses" : [ {
        "expression" : "Zlib"
      } ]
    }, {
      "scope" : "required",
      "type" : "library",
      "bom-ref" : "simplicity_sdk:2025.6.2:iostream_retarget_stdio",
      "name" : "IO Stream: Retarget STDIO",
      "version" : "2025.6.2",
      "supplier" : {
        "name" : "Silicon Laboratories, Inc."
      },
      "licenses" : [ {
        "expression" : "Zlib"
      } ]
    }, {
      "scope" : "required",
      "type" : "library",
      "bom-ref" : "simplicity_sdk:2025.6.2:iostream",
      "name" : "IO Stream",
      "version" : "2025.6.2",
      "supplier" : {
        "name" : "Silicon Laboratories, Inc."
      },
      "licenses" : [ {
        "expression" : "Zlib"
      } ]
    }, {
      "scope" : "required",
      "type" : "library",
      "bom-ref" : "simplicity_sdk:2025.6.2:configuration_over_swo",
      "name" : "Configuration Over SWO",
      "version" : "2025.6.2",
      "supplier" : {
        "name" : "Silicon Laboratories, Inc."
      },
      "licenses" : [ {
        "expression" : "Zlib"
      } ]
    }, {
      "scope" : "required",
      "type" : "library",
      "bom-ref" : "simplicity_sdk:2025.6.2:dmadrv",
      "name" : "DMADRV",
      "version" : "2025.6.2",
      "supplier" : {
        "name" : "Silicon Laboratories, Inc."
      },
      "licenses" : [ {
        "expression" : "Zlib"
      } ]
    }, {
      "scope" : "required",
      "type" : "library",
      "bom-ref" : "simplicity_sdk:2025.6.2:iostream_uart_common",
      "name" : "IO Stream: Common code for UART-type streams",
      "version" : "2025.6.2",
      "supplier" : {
        "name" : "Silicon Laboratories, Inc."
      },
      "licenses" : [ {
        "expression" : "Zlib"
      } ]
    }, {
      "scope" : "required",
      "type" : "library",
      "bom-ref" : "simplicity_sdk:2025.6.2:debug_swo",
      "name" : "SWO Debug",
      "version" : "2025.6.2",
      "supplier" : {
        "name" : "Silicon Laboratories, Inc."
      },
      "licenses" : [ {
        "expression" : "Zlib"
      } ]
    }, {
      "scope" : "required",
      "type" : "library",
      "bom-ref" : "simplicity_sdk:2025.6.2:sl_string",
      "name" : "String Functions",
      "version" : "2025.6.2",
      "supplier" : {
        "name" : "Silicon Laboratories, Inc."
      },
      "licenses" : [ {
        "expression" : "Zlib"
      } ]
    }, {
      "scope" : "required",
      "type" : "library",
      "bom-ref" : "simplicity_sdk:2025.6.2:iostream_eusart",
      "name" : "IO Stream: EUSART",
      "version" : "2025.6.2",
      "supplier" : {
        "name" : "Silicon Laboratories, Inc."
      },
      "licenses" : [ {
        "expression" : "Zlib"
      } ]
    }, {
      "scope" : "required",
      "type" : "library",
      "bom-ref" : "simplicity_sdk:2025.6.2:hal_eusart",
      "name" : "EUSART",
      "version" : "2025.6.2",
      "supplier" : {
        "name" : "Silicon Laboratories, Inc."
      },
      "licenses" : [ {
        "expression" : "Zlib"
      } ]
    }, {
      "scope" : "required",
      "type" : "library",
      "bom-ref" : "simplicity_sdk:2025.6.2:iostream_eusart_core",
      "name" : "IO Stream: EUSART Core",
      "version" : "2025.6.2",
      "supplier" : {
        "name" : "Silicon Laboratories, Inc."
      },
      "licenses" : [ {
        "expression" : "Zlib"
      } ]
    }, {
      "scope" : "required",
      "type" : "library",
      "bom-ref" : "simplicity_sdk:2025.6.2:iostream_stdlib_config",
      "name" : "IO Stream: STDLIB Configuration",
      "version" : "2025.6.2",
      "supplier" : {
        "name" : "Silicon Laboratories, Inc."
      },
      "licenses" : [ {
        "expression" : "Zlib"
      } ]
    }, {
      "scope" : "required",
      "type" : "library",
      "bom-ref" : "simplicity_sdk:2025.6.2:i2cspm",
      "name" : "I2CSPM",
      "version" : "2025.6.2",
      "supplier" : {
        "name" : "Silicon Laboratories, Inc."
      },
      "licenses" : [ {
        "expression" : "Zlib"
      } ]
    }, {
      "scope" : "required",
      "type" : "library",
      "bom-ref" : "simplicity_sdk:2025.6.2:emlib_i2c",
      "name" : "I2C",
      "version" : "2025.6.2",
      "supplier" : {
        "name" : "Silicon Laboratories, Inc."
      },
      "licenses" : [ {
        "expression" : "Zlib"
      } ]
    }, {
      "scope" : "required",
      "type" : "library",
      "bom-ref" : "simplicity_sdk:2025.6.2:i2cspm_core",
      "name" : "I2CSPM Core",
      "version" : "2025.6.2",
      "supplier" : {
        "name" : "Silicon Laboratories, Inc."
      },
      "licenses" : [ {
        "expression" : "Zlib"
      } ]
    }, {
      "scope" : "required",
      "type" : "library",
      "bom-ref" : "simplicity_sdk:2025.6.2:bluetooth_feature_phy_support_config",
      "name" : "Restrict PHYs supported by the chip",
      "version" : "2025.6.2",
      "supplier" : {
        "name" : "Silicon Laboratories, Inc."
      },
      "licenses" : [ {
        "expression" : "MSLA"
      } ]
    }, {
      "scope" : "required",
      "type" : "library",
      "bom-ref" : "simplicity_sdk:2025.6.2:bluetooth_feature_connection_phy_update",
      "name" : "Bluetooth Connection Phy Update",
      "version" : "2025.6.2",
      "supplier" : {
        "name" : "Silicon Laboratories, Inc."
      },
      "licenses" : [ {
        "expression" : "MSLA"
      } ]
    } ]
  } ]
}