<?xml version="1.0" encoding="UTF-8"?>
<!--
TERMS OF USE - SILICON LABORATORIES INC.
(With respect to Silicon Labs software components, this Software Bill of Materials (SBOM) is based upon Silicon Labs'
review and analysis of the code version when released.  It is provided "AS IS" and does not modify, change or alter
the terms or conditions of your use of Silicon Labs' software and/or SDKs based upon license terms and/or agreements
associated with this software or SDKs when distributed to you, received by you, or installed by you.  Further, no
warranties or obligations are created by this SBOM.  It is your obligation to comply with the terms of licenses
referenced in this SBOM.)
-->
<bom xmlns="http://cyclonedx.org/schema/bom/1.6" version="1">
  <metadata>
    <timestamp>2025-11-13T13:26:43Z</timestamp>
    <authors>
      <author>
        <name>Silicon Laboratories, Inc.</name>
      </author>
    </authors>
  </metadata>
  <components>
    <component bom-ref="simplicity_sdk:2025.6.2" type="library">
      <supplier>
        <name>Silicon Laboratories, Inc.</name>
      </supplier>
      <name>Simplicity SDK Suite</name>
      <version>2025.6.2</version>
      <components>
        <component bom-ref="simplicity_sdk:2025.6.2:MGM260PD32VNA" type="library">
          <name>MGM260PD32VNA</name>
          <version>2025.6.2</version>
	      <supplier>
	        <name>Silicon Laboratories, Inc.</name>
	      </supplier>
          <licenses>
            <expression>Zlib</expression>
          </licenses>
        </component>
        <component bom-ref="simplicity_sdk:2025.6.2:brd2713a_a04" type="library">
          <name>BRD2713A rev A04</name>
          <version>2025.6.2</version>
	      <supplier>
	        <name>Silicon Laboratories, Inc.</name>
	      </supplier>
          <licenses>
            <expression>Zlib</expression>
          </licenses>
        </component>
        <component bom-ref="simplicity_sdk:2025.6.2:clock_manager" type="library">
          <name>Clock Manager</name>
          <version>2025.6.2</version>
	      <supplier>
	        <name>Silicon Laboratories, Inc.</name>
	      </supplier>
          <licenses>
            <expression>Zlib</expression>
          </licenses>
        </component>
        <component bom-ref="simplicity_sdk:2025.6.2:device_init" type="library">
          <name>Automatic Device Initialization</name>
          <version>2025.6.2</version>
	      <supplier>
	        <name>Silicon Laboratories, Inc.</name>
	      </supplier>
          <licenses>
            <expression>Zlib</expression>
          </licenses>
        </component>
        <component bom-ref="simplicity_sdk:2025.6.2:iostream" type="library">
          <name>IO Stream</name>
          <version>2025.6.2</version>
	      <supplier>
	        <name>Silicon Laboratories, Inc.</name>
	      </supplier>
          <licenses>
            <expression>Zlib</expression>
          </licenses>
        </component>
        <component bom-ref="simplicity_sdk:2025.6.2:iostream_eusart" type="library">
          <name>IO Stream: EUSART</name>
          <version>2025.6.2</version>
	      <supplier>
	        <name>Silicon Laboratories, Inc.</name>
	      </supplier>
          <licenses>
            <expression>Zlib</expression>
          </licenses>
        </component>
        <component bom-ref="simplicity_sdk:2025.6.2:iostream_retarget_stdio" type="library">
          <name>IO Stream: Retarget STDIO</name>
          <version>2025.6.2</version>
	      <supplier>
	        <name>Silicon Laboratories, Inc.</name>
	      </supplier>
          <licenses>
            <expression>Zlib</expression>
          </licenses>
        </component>
        <component bom-ref="simplicity_sdk:2025.6.2:sl_main" type="library">
          <name>System Setup (sl_main)</name>
          <version>2025.6.2</version>
	      <supplier>
	        <name>Silicon Laboratories, Inc.</name>
	      </supplier>
          <licenses>
            <expression>Zlib</expression>
          </licenses>
        </component>
        <component bom-ref="simplicity_sdk:2025.6.2:dmadrv_core" type="library">
          <name>DMADRV Core</name>
          <version>2025.6.2</version>
	      <supplier>
	        <name>Silicon Laboratories, Inc.</name>
	      </supplier>
          <licenses>
            <expression>Zlib</expression>
          </licenses>
        </component>
        <component bom-ref="simplicity_sdk:2025.6.2:device_manager" type="library">
          <name>Device Manager</name>
          <version>2025.6.2</version>
	      <supplier>
	        <name>Silicon Laboratories, Inc.</name>
	      </supplier>
          <licenses>
            <expression>Zlib</expression>
          </licenses>
        </component>
        <component bom-ref="simplicity_sdk:2025.6.2:board_control" type="library">
          <name>Board Control</name>
          <version>2025.6.2</version>
	      <supplier>
	        <name>Silicon Laboratories, Inc.</name>
	      </supplier>
          <licenses>
            <expression>Zlib</expression>
          </licenses>
        </component>
        <component bom-ref="simplicity_sdk:2025.6.2:emlib_eusart" type="library">
          <name>EUSART</name>
          <version>2025.6.2</version>
	      <supplier>
	        <name>Silicon Laboratories, Inc.</name>
	      </supplier>
          <licenses>
            <expression>Zlib</expression>
          </licenses>
        </component>
        <component bom-ref="simplicity_sdk:2025.6.2:device_init_core" type="library">
          <name>Core</name>
          <version>2025.6.2</version>
	      <supplier>
	        <name>Silicon Laboratories, Inc.</name>
	      </supplier>
          <licenses>
            <expression>Zlib</expression>
          </licenses>
        </component>
        <component bom-ref="simplicity_sdk:2025.6.2:emlib_system" type="library">
          <name>SYSTEM</name>
          <version>2025.6.2</version>
	      <supplier>
	        <name>Silicon Laboratories, Inc.</name>
	      </supplier>
          <licenses>
            <expression>Zlib</expression>
          </licenses>
        </component>
        <component bom-ref="simplicity_sdk:2025.6.2:clock_manager_init_hal_s2" type="library">
          <name>Clock Manager Init HAL Series 2</name>
          <version>2025.6.2</version>
	      <supplier>
	        <name>Silicon Laboratories, Inc.</name>
	      </supplier>
          <licenses>
            <expression>Zlib</expression>
          </licenses>
        </component>
        <component bom-ref="simplicity_sdk:2025.6.2:hal_gpio" type="library">
          <name>GPIO</name>
          <version>2025.6.2</version>
	      <supplier>
	        <name>Silicon Laboratories, Inc.</name>
	      </supplier>
          <licenses>
            <expression>Zlib</expression>
          </licenses>
        </component>
        <component bom-ref="simplicity_sdk:2025.6.2:slist" type="library">
          <name>Single Link List</name>
          <version>2025.6.2</version>
	      <supplier>
	        <name>Silicon Laboratories, Inc.</name>
	      </supplier>
          <licenses>
            <expression>Zlib</expression>
          </licenses>
        </component>
        <component bom-ref="simplicity_sdk:2025.6.2:device_gpio" type="library">
          <name>Device Manager GPIO</name>
          <version>2025.6.2</version>
	      <supplier>
	        <name>Silicon Laboratories, Inc.</name>
	      </supplier>
          <licenses>
            <expression>Zlib</expression>
          </licenses>
        </component>
        <component bom-ref="simplicity_sdk:2025.6.2:event_handler" type="library">
          <name>Event Handler</name>
          <version>2025.6.2</version>
	      <supplier>
	        <name>Silicon Laboratories, Inc.</name>
	      </supplier>
          <licenses>
            <expression>Zlib</expression>
          </licenses>
        </component>
        <component bom-ref="simplicity_sdk:2025.6.2:emlib_msc" type="library">
          <name>MSC</name>
          <version>2025.6.2</version>
	      <supplier>
	        <name>Silicon Laboratories, Inc.</name>
	      </supplier>
          <licenses>
            <expression>Zlib</expression>
          </licenses>
        </component>
        <component bom-ref="simplicity_sdk:2025.6.2:device_i2c" type="library">
          <name>Device Manager I2C</name>
          <version>2025.6.2</version>
	      <supplier>
	        <name>Silicon Laboratories, Inc.</name>
	      </supplier>
          <licenses>
            <expression>Zlib</expression>
          </licenses>
        </component>
        <component bom-ref="simplicity_sdk:2025.6.2:hal_prs" type="library">
          <name>PRS</name>
          <version>2025.6.2</version>
	      <supplier>
	        <name>Silicon Laboratories, Inc.</name>
	      </supplier>
          <licenses>
            <expression>Zlib</expression>
          </licenses>
        </component>
        <component bom-ref="simplicity_sdk:2025.6.2:device_init_dcdc" type="library">
          <name>DC-DC Converter</name>
          <version>2025.6.2</version>
	      <supplier>
	        <name>Silicon Laboratories, Inc.</name>
	      </supplier>
          <licenses>
            <expression>Zlib</expression>
          </licenses>
        </component>
        <component bom-ref="simplicity_sdk:2025.6.2:debug_swo" type="library">
          <name>SWO Debug</name>
          <version>2025.6.2</version>
	      <supplier>
	        <name>Silicon Laboratories, Inc.</name>
	      </supplier>
          <licenses>
            <expression>Zlib</expression>
          </licenses>
        </component>
        <component bom-ref="simplicity_sdk:2025.6.2:device_init_emu" type="library">
          <name>Energy Management Unit (EMU)</name>
          <version>2025.6.2</version>
	      <supplier>
	        <name>Silicon Laboratories, Inc.</name>
	      </supplier>
          <licenses>
            <expression>Zlib</expression>
          </licenses>
        </component>
        <component bom-ref="simplicity_sdk:2025.6.2:enum" type="library">
          <name>Enumerations</name>
          <version>2025.6.2</version>
	      <supplier>
	        <name>Silicon Laboratories, Inc.</name>
	      </supplier>
          <licenses>
            <expression>Zlib</expression>
          </licenses>
        </component>
        <component bom-ref="simplicity_sdk:2025.6.2:interrupt_manager_cortexm" type="library">
          <name>Interrupt Manager Cortex-M</name>
          <version>2025.6.2</version>
	      <supplier>
	        <name>Silicon Laboratories, Inc.</name>
	      </supplier>
          <licenses>
            <expression>Zlib</expression>
          </licenses>
        </component>
        <component bom-ref="simplicity_sdk:2025.6.2:sl_main_memory_init" type="library">
          <name>sl_main Setup</name>
          <version>2025.6.2</version>
	      <supplier>
	        <name>Silicon Laboratories, Inc.</name>
	      </supplier>
          <licenses>
            <expression>Zlib</expression>
          </licenses>
        </component>
        <component bom-ref="simplicity_sdk:2025.6.2:sl_string" type="library">
          <name>String Functions</name>
          <version>2025.6.2</version>
	      <supplier>
	        <name>Silicon Laboratories, Inc.</name>
	      </supplier>
          <licenses>
            <expression>Zlib</expression>
          </licenses>
        </component>
        <component bom-ref="simplicity_sdk:2025.6.2:atomic" type="library">
          <name>Atomic Operations Library</name>
          <version>2025.6.2</version>
	      <supplier>
	        <name>Silicon Laboratories, Inc.</name>
	      </supplier>
          <licenses>
            <expression>Zlib</expression>
          </licenses>
        </component>
        <component bom-ref="simplicity_sdk:2025.6.2:code_classification" type="library">
          <name>Code Classification</name>
          <version>2025.6.2</version>
	      <supplier>
	        <name>Silicon Laboratories, Inc.</name>
	      </supplier>
          <licenses>
            <expression>Zlib</expression>
          </licenses>
        </component>
        <component bom-ref="simplicity_sdk:2025.6.2:configuration_over_swo" type="library">
          <name>Configuration Over SWO</name>
          <version>2025.6.2</version>
	      <supplier>
	        <name>Silicon Laboratories, Inc.</name>
	      </supplier>
          <licenses>
            <expression>Zlib</expression>
          </licenses>
        </component>
        <component bom-ref="simplicity_sdk:2025.6.2:brd2713a" type="library">
          <name>BRD2713A</name>
          <version>2025.6.2</version>
	      <supplier>
	        <name>Silicon Laboratories, Inc.</name>
	      </supplier>
          <licenses>
            <expression>Zlib</expression>
          </licenses>
        </component>
        <component bom-ref="simplicity_sdk:2025.6.2:status" type="library">
          <name>Status Codes Definitions</name>
          <version>2025.6.2</version>
	      <supplier>
	        <name>Silicon Laboratories, Inc.</name>
	      </supplier>
          <licenses>
            <expression>Zlib</expression>
          </licenses>
        </component>
        <component bom-ref="simplicity_sdk:2025.6.2:emlib_chip" type="library">
          <name>CHIP</name>
          <version>2025.6.2</version>
	      <supplier>
	        <name>Silicon Laboratories, Inc.</name>
	      </supplier>
          <licenses>
            <expression>Zlib</expression>
          </licenses>
        </component>
        <component bom-ref="simplicity_sdk:2025.6.2:emlib_gpio" type="library">
          <name>GPIO</name>
          <version>2025.6.2</version>
	      <supplier>
	        <name>Silicon Laboratories, Inc.</name>
	      </supplier>
          <licenses>
            <expression>Zlib</expression>
          </licenses>
        </component>
        <component bom-ref="simplicity_sdk:2025.6.2:device_clock_hal" type="library">
          <name>Device Manager Clock HAL</name>
          <version>2025.6.2</version>
	      <supplier>
	        <name>Silicon Laboratories, Inc.</name>
	      </supplier>
          <licenses>
            <expression>Zlib</expression>
          </licenses>
        </component>
        <component bom-ref="simplicity_sdk:2025.6.2:emlib_ldma" type="library">
          <name>LDMA</name>
          <version>2025.6.2</version>
	      <supplier>
	        <name>Silicon Laboratories, Inc.</name>
	      </supplier>
          <licenses>
            <expression>Zlib</expression>
          </licenses>
        </component>
        <component bom-ref="simplicity_sdk:2025.6.2:sl_assert" type="library">
          <name>Assert Functions</name>
          <version>2025.6.2</version>
	      <supplier>
	        <name>Silicon Laboratories, Inc.</name>
	      </supplier>
          <licenses>
            <expression>Zlib</expression>
          </licenses>
        </component>
        <component bom-ref="simplicity_sdk:2025.6.2:device_clock" type="library">
          <name>Device Manager Clock</name>
          <version>2025.6.2</version>
	      <supplier>
	        <name>Silicon Laboratories, Inc.</name>
	      </supplier>
          <licenses>
            <expression>Zlib</expression>
          </licenses>
        </component>
        <component bom-ref="simplicity_sdk:2025.6.2:component_catalog" type="library">
          <name>Component Catalog</name>
          <version>2025.6.2</version>
	      <supplier>
	        <name>Silicon Laboratories, Inc.</name>
	      </supplier>
          <licenses>
            <expression>Zlib</expression>
          </licenses>
        </component>
        <component bom-ref="simplicity_sdk:2025.6.2:emlib_emu" type="library">
          <name>EMU</name>
          <version>2025.6.2</version>
	      <supplier>
	        <name>Silicon Laboratories, Inc.</name>
	      </supplier>
          <licenses>
            <expression>Zlib</expression>
          </licenses>
        </component>
        <component bom-ref="simplicity_sdk:2025.6.2:MGM260PD32VNA_config" type="library">
          <name>MGM260PD32VNA config</name>
          <version>2025.6.2</version>
	      <supplier>
	        <name>Silicon Laboratories, Inc.</name>
	      </supplier>
          <licenses>
            <expression>Zlib</expression>
          </licenses>
        </component>
        <component bom-ref="simplicity_sdk:2025.6.2:emlib_cmu" type="library">
          <name>CMU</name>
          <version>2025.6.2</version>
	      <supplier>
	        <name>Silicon Laboratories, Inc.</name>
	      </supplier>
          <licenses>
            <expression>Zlib</expression>
          </licenses>
        </component>
        <component bom-ref="simplicity_sdk:2025.6.2:clock_manager_runtime_hal_s2" type="library">
          <name>Clock Manager Runtime HAL Series 2</name>
          <version>2025.6.2</version>
	      <supplier>
	        <name>Silicon Laboratories, Inc.</name>
	      </supplier>
          <licenses>
            <expression>Zlib</expression>
          </licenses>
        </component>
        <component bom-ref="simplicity_sdk:2025.6.2:emlib_syscfg" type="library">
          <name>SYSCFG</name>
          <version>2025.6.2</version>
	      <supplier>
	        <name>Silicon Laboratories, Inc.</name>
	      </supplier>
          <licenses>
            <expression>Zlib</expression>
          </licenses>
        </component>
        <component bom-ref="simplicity_sdk:2025.6.2:hal_eusart" type="library">
          <name>EUSART</name>
          <version>2025.6.2</version>
	      <supplier>
	        <name>Silicon Laboratories, Inc.</name>
	      </supplier>
          <licenses>
            <expression>Zlib</expression>
          </licenses>
        </component>
        <component bom-ref="simplicity_sdk:2025.6.2:iostream_eusart_core" type="library">
          <name>IO Stream: EUSART Core</name>
          <version>2025.6.2</version>
	      <supplier>
	        <name>Silicon Laboratories, Inc.</name>
	      </supplier>
          <licenses>
            <expression>Zlib</expression>
          </licenses>
        </component>
        <component bom-ref="simplicity_sdk:2025.6.2:dmadrv" type="library">
          <name>DMADRV</name>
          <version>2025.6.2</version>
	      <supplier>
	        <name>Silicon Laboratories, Inc.</name>
	      </supplier>
          <licenses>
            <expression>Zlib</expression>
          </licenses>
        </component>
        <component bom-ref="simplicity_sdk:2025.6.2:sl_core" type="library">
          <name>core</name>
          <version>2025.6.2</version>
	      <supplier>
	        <name>Silicon Laboratories, Inc.</name>
	      </supplier>
          <licenses>
            <expression>Zlib</expression>
          </licenses>
        </component>
        <component bom-ref="simplicity_sdk:2025.6.2:hal_common" type="library">
          <name>Common Headers</name>
          <version>2025.6.2</version>
	      <supplier>
	        <name>Silicon Laboratories, Inc.</name>
	      </supplier>
          <licenses>
            <expression>Zlib</expression>
          </licenses>
        </component>
        <component bom-ref="simplicity_sdk:2025.6.2:emlib_common" type="library">
          <name>Common Headers</name>
          <version>2025.6.2</version>
	      <supplier>
	        <name>Silicon Laboratories, Inc.</name>
	      </supplier>
          <licenses>
            <expression>Zlib</expression>
          </licenses>
        </component>
        <component bom-ref="simplicity_sdk:2025.6.2:brd2713a_config" type="library">
          <name>brd2713a config</name>
          <version>2025.6.2</version>
	      <supplier>
	        <name>Silicon Laboratories, Inc.</name>
	      </supplier>
          <licenses>
            <expression>Zlib</expression>
          </licenses>
        </component>
        <component bom-ref="simplicity_sdk:2025.6.2:device_peripheral_hal" type="library">
          <name>Device Manager Peripheral HAL</name>
          <version>2025.6.2</version>
	      <supplier>
	        <name>Silicon Laboratories, Inc.</name>
	      </supplier>
          <licenses>
            <expression>Zlib</expression>
          </licenses>
        </component>
        <component bom-ref="simplicity_sdk:2025.6.2:cmsis_core" type="library">
          <name>CMSIS-Core</name>
          <version>2025.6.2</version>
	      <supplier>
	        <name>Silicon Laboratories, Inc.</name>
	      </supplier>
          <licenses>
            <expression>Apache 2.0</expression>
          </licenses>
          <pedigree>
            <ancestors>
              <component bom-ref="cmsis_core:5.8.0" type="library">
                <supplier>
                  <name>ARM-software</name>
                </supplier>
                <name>CMSIS_5</name>
                <version>5.8.0</version>
                <purl>pkg:github/ARM-software/CMSIS_5@5.8.0</purl>
                <pedigree>
                  <notes>The CMSIS is a set of tools, APIs, frameworks, and work flows</notes>
                </pedigree>
                <externalReferences>
                  <reference type="website">
                    <url>https://github.com/ARM-software/CMSIS_5</url>
                  </reference>
                </externalReferences>
              </component>
            </ancestors>
          </pedigree>
        </component>
        <component bom-ref="simplicity_sdk:2025.6.2:interrupt_manager" type="library">
          <name>Interrupt Manager</name>
          <version>2025.6.2</version>
	      <supplier>
	        <name>Silicon Laboratories, Inc.</name>
	      </supplier>
          <licenses>
            <expression>Zlib</expression>
          </licenses>
        </component>
        <component bom-ref="simplicity_sdk:2025.6.2:emlib_core" type="library">
          <name>CORE</name>
          <version>2025.6.2</version>
	      <supplier>
	        <name>Silicon Laboratories, Inc.</name>
	      </supplier>
          <licenses>
            <expression>Zlib</expression>
          </licenses>
        </component>
        <component bom-ref="simplicity_sdk:2025.6.2:ecode" type="library">
          <name>EMDRV Common Headers</name>
          <version>2025.6.2</version>
	      <supplier>
	        <name>Silicon Laboratories, Inc.</name>
	      </supplier>
          <licenses>
            <expression>Zlib</expression>
          </licenses>
        </component>
        <component bom-ref="simplicity_sdk:2025.6.2:iostream_uart_common" type="library">
          <name>IO Stream: Common code for UART-type streams</name>
          <version>2025.6.2</version>
	      <supplier>
	        <name>Silicon Laboratories, Inc.</name>
	      </supplier>
          <licenses>
            <expression>Zlib</expression>
          </licenses>
        </component>
        <component bom-ref="simplicity_sdk:2025.6.2:clock_manager_runtime" type="library">
          <name>Clock Manager Runtime</name>
          <version>2025.6.2</version>
	      <supplier>
	        <name>Silicon Laboratories, Inc.</name>
	      </supplier>
          <licenses>
            <expression>Zlib</expression>
          </licenses>
        </component>
        <component bom-ref="simplicity_sdk:2025.6.2:sl_common" type="library">
          <name>Common Functions</name>
          <version>2025.6.2</version>
	      <supplier>
	        <name>Silicon Laboratories, Inc.</name>
	      </supplier>
          <licenses>
            <expression>Zlib</expression>
          </licenses>
        </component>
        <component bom-ref="simplicity_sdk:2025.6.2:device_peripheral" type="library">
          <name>Device Manager Peripheral</name>
          <version>2025.6.2</version>
	      <supplier>
	        <name>Silicon Laboratories, Inc.</name>
	      </supplier>
          <licenses>
            <expression>Zlib</expression>
          </licenses>
        </component>
        <component bom-ref="simplicity_sdk:2025.6.2:sl_main_init" type="library">
          <name>sl main Init</name>
          <version>2025.6.2</version>
	      <supplier>
	        <name>Silicon Laboratories, Inc.</name>
	      </supplier>
          <licenses>
            <expression>Zlib</expression>
          </licenses>
        </component>
        <component bom-ref="simplicity_sdk:2025.6.2:sl_main_process_action" type="library">
          <name>sl_main Process Action</name>
          <version>2025.6.2</version>
	      <supplier>
	        <name>Silicon Laboratories, Inc.</name>
	      </supplier>
          <licenses>
            <expression>Zlib</expression>
          </licenses>
        </component>
        <component bom-ref="simplicity_sdk:2025.6.2:gpio" type="library">
          <name>GPIO Driver</name>
          <version>2025.6.2</version>
	      <supplier>
	        <name>Silicon Laboratories, Inc.</name>
	      </supplier>
          <licenses>
            <expression>Zlib</expression>
          </licenses>
        </component>
        <component bom-ref="simplicity_sdk:2025.6.2:i2cspm" type="library">
          <name>I2CSPM</name>
          <version>2025.6.2</version>
	      <supplier>
	        <name>Silicon Laboratories, Inc.</name>
	      </supplier>
          <licenses>
            <expression>Zlib</expression>
          </licenses>
        </component>
        <component bom-ref="simplicity_sdk:2025.6.2:i2cspm_core" type="library">
          <name>I2CSPM Core</name>
          <version>2025.6.2</version>
	      <supplier>
	        <name>Silicon Laboratories, Inc.</name>
	      </supplier>
          <licenses>
            <expression>Zlib</expression>
          </licenses>
        </component>
        <component bom-ref="simplicity_sdk:2025.6.2:emlib_i2c" type="library">
          <name>I2C</name>
          <version>2025.6.2</version>
	      <supplier>
	        <name>Silicon Laboratories, Inc.</name>
	      </supplier>
          <licenses>
            <expression>Zlib</expression>
          </licenses>
        </component>
        <component bom-ref="simplicity_sdk:2025.6.2:udelay" type="library">
          <name>Microsecond Delay</name>
          <version>2025.6.2</version>
	      <supplier>
	        <name>Silicon Laboratories, Inc.</name>
	      </supplier>
          <licenses>
            <expression>Zlib</expression>
          </licenses>
        </component>
        <component bom-ref="simplicity_sdk:2025.6.2:sleeptimer" type="library">
          <name>Sleep Timer</name>
          <version>2025.6.2</version>
	      <supplier>
	        <name>Silicon Laboratories, Inc.</name>
	      </supplier>
          <licenses>
            <expression>Zlib</expression>
          </licenses>
        </component>
        <component bom-ref="simplicity_sdk:2025.6.2:emlib_burtc" type="library">
          <name>BURTC</name>
          <version>2025.6.2</version>
	      <supplier>
	        <name>Silicon Laboratories, Inc.</name>
	      </supplier>
          <licenses>
            <expression>Zlib</expression>
          </licenses>
        </component>
        <component bom-ref="simplicity_sdk:2025.6.2:hal_sysrtc" type="library">
          <name>SYSRTC</name>
          <version>2025.6.2</version>
	      <supplier>
	        <name>Silicon Laboratories, Inc.</name>
	      </supplier>
          <licenses>
            <expression>Zlib</expression>
          </licenses>
        </component>
        <component bom-ref="simplicity_sdk:2025.6.2:emlib_timer" type="library">
          <name>TIMER</name>
          <version>2025.6.2</version>
	      <supplier>
	        <name>Silicon Laboratories, Inc.</name>
	      </supplier>
          <licenses>
            <expression>Zlib</expression>
          </licenses>
        </component>
        <component bom-ref="simplicity_sdk:2025.6.2:emlib_prs" type="library">
          <name>PRS</name>
          <version>2025.6.2</version>
	      <supplier>
	        <name>Silicon Laboratories, Inc.</name>
	      </supplier>
          <licenses>
            <expression>Zlib</expression>
          </licenses>
        </component>
      </components>
    </component>
  </components>
</bom>