{
  "bomFormat" : "CycloneDX",
  "specVersion" : "1.6",
  "version" : 1,
  "metadata" : {
    "timestamp" : "2025-11-13T13:26:43Z",
    "authors" : [ {
      "name" : "Silicon Laboratories, Inc."
    } ],
    "properties" : [ {
      "name" : "Silicon Labs Disclaimer",
      "value" : "TERMS OF USE - SILICON LABORATORIES INC.\n(With respect to Silicon Labs software components, this Software Bill of Materials (SBOM) is based upon Silicon Labs'\nreview and analysis of the code version when released.  It is provided \"AS IS\" and does not modify, change or alter\nthe terms or conditions of your use of Silicon Labs' software and/or SDKs based upon license terms and/or agreements\nassociated with this software or SDKs when distributed to you, received by you, or installed by you.  Further, no\nwarranties or obligations are created by this SBOM.  It is your obligation to comply with the terms of licenses\nreferenced in this SBOM.)"
    } ]
  },
  "components" : [ {
    "scope" : "required",
    "type" : "library",
    "bom-ref" : "simplicity_sdk:2025.6.2",
    "name" : "Simplicity SDK Suite",
    "version" : "2025.6.2",
    "supplier" : {
      "name" : "Silicon Laboratories, Inc."
    },
    "components" : [ {
      "scope" : "required",
      "type" : "library",
      "bom-ref" : "simplicity_sdk:2025.6.2:MGM260PD32VNA",
      "name" : "MGM260PD32VNA",
      "version" : "2025.6.2",
      "supplier" : {
        "name" : "Silicon Laboratories, Inc."
      },
      "licenses" : [ {
        "expression" : "Zlib"
      } ]
    }, {
      "scope" : "required",
      "type" : "library",
      "bom-ref" : "simplicity_sdk:2025.6.2:brd2713a_a04",
      "name" : "BRD2713A rev A04",
      "version" : "2025.6.2",
      "supplier" : {
        "name" : "Silicon Laboratories, Inc."
      },
      "licenses" : [ {
        "expression" : "Zlib"
      } ]
    }, {
      "scope" : "required",
      "type" : "library",
      "bom-ref" : "simplicity_sdk:2025.6.2:clock_manager",
      "name" : "Clock Manager",
      "version" : "2025.6.2",
      "supplier" : {
        "name" : "Silicon Laboratories, Inc."
      },
      "licenses" : [ {
        "expression" : "Zlib"
      } ]
    }, {
      "scope" : "required",
      "type" : "library",
      "bom-ref" : "simplicity_sdk:2025.6.2:device_init",
      "name" : "Automatic Device Initialization",
      "version" : "2025.6.2",
      "supplier" : {
        "name" : "Silicon Laboratories, Inc."
      },
      "licenses" : [ {
        "expression" : "Zlib"
      } ]
    }, {
      "scope" : "required",
      "type" : "library",
      "bom-ref" : "simplicity_sdk:2025.6.2:iostream",
      "name" : "IO Stream",
      "version" : "2025.6.2",
      "supplier" : {
        "name" : "Silicon Laboratories, Inc."
      },
      "licenses" : [ {
        "expression" : "Zlib"
      } ]
    }, {
      "scope" : "required",
      "type" : "library",
      "bom-ref" : "simplicity_sdk:2025.6.2:iostream_eusart",
      "name" : "IO Stream: EUSART",
      "version" : "2025.6.2",
      "supplier" : {
        "name" : "Silicon Laboratories, Inc."
      },
      "licenses" : [ {
        "expression" : "Zlib"
      } ]
    }, {
      "scope" : "required",
      "type" : "library",
      "bom-ref" : "simplicity_sdk:2025.6.2:iostream_retarget_stdio",
      "name" : "IO Stream: Retarget STDIO",
      "version" : "2025.6.2",
      "supplier" : {
        "name" : "Silicon Laboratories, Inc."
      },
      "licenses" : [ {
        "expression" : "Zlib"
      } ]
    }, {
      "scope" : "required",
      "type" : "library",
      "bom-ref" : "simplicity_sdk:2025.6.2:sl_main",
      "name" : "System Setup (sl_main)",
      "version" : "2025.6.2",
      "supplier" : {
        "name" : "Silicon Laboratories, Inc."
      },
      "licenses" : [ {
        "expression" : "Zlib"
      } ]
    }, {
      "scope" : "required",
      "type" : "library",
      "bom-ref" : "simplicity_sdk:2025.6.2:dmadrv_core",
      "name" : "DMADRV Core",
      "version" : "2025.6.2",
      "supplier" : {
        "name" : "Silicon Laboratories, Inc."
      },
      "licenses" : [ {
        "expression" : "Zlib"
      } ]
    }, {
      "scope" : "required",
      "type" : "library",
      "bom-ref" : "simplicity_sdk:2025.6.2:device_manager",
      "name" : "Device Manager",
      "version" : "2025.6.2",
      "supplier" : {
        "name" : "Silicon Laboratories, Inc."
      },
      "licenses" : [ {
        "expression" : "Zlib"
      } ]
    }, {
      "scope" : "required",
      "type" : "library",
      "bom-ref" : "simplicity_sdk:2025.6.2:board_control",
      "name" : "Board Control",
      "version" : "2025.6.2",
      "supplier" : {
        "name" : "Silicon Laboratories, Inc."
      },
      "licenses" : [ {
        "expression" : "Zlib"
      } ]
    }, {
      "scope" : "required",
      "type" : "library",
      "bom-ref" : "simplicity_sdk:2025.6.2:emlib_eusart",
      "name" : "EUSART",
      "version" : "2025.6.2",
      "supplier" : {
        "name" : "Silicon Laboratories, Inc."
      },
      "licenses" : [ {
        "expression" : "Zlib"
      } ]
    }, {
      "scope" : "required",
      "type" : "library",
      "bom-ref" : "simplicity_sdk:2025.6.2:device_init_core",
      "name" : "Core",
      "version" : "2025.6.2",
      "supplier" : {
        "name" : "Silicon Laboratories, Inc."
      },
      "licenses" : [ {
        "expression" : "Zlib"
      } ]
    }, {
      "scope" : "required",
      "type" : "library",
      "bom-ref" : "simplicity_sdk:2025.6.2:emlib_system",
      "name" : "SYSTEM",
      "version" : "2025.6.2",
      "supplier" : {
        "name" : "Silicon Laboratories, Inc."
      },
      "licenses" : [ {
        "expression" : "Zlib"
      } ]
    }, {
      "scope" : "required",
      "type" : "library",
      "bom-ref" : "simplicity_sdk:2025.6.2:clock_manager_init_hal_s2",
      "name" : "Clock Manager Init HAL Series 2",
      "version" : "2025.6.2",
      "supplier" : {
        "name" : "Silicon Laboratories, Inc."
      },
      "licenses" : [ {
        "expression" : "Zlib"
      } ]
    }, {
      "scope" : "required",
      "type" : "library",
      "bom-ref" : "simplicity_sdk:2025.6.2:hal_gpio",
      "name" : "GPIO",
      "version" : "2025.6.2",
      "supplier" : {
        "name" : "Silicon Laboratories, Inc."
      },
      "licenses" : [ {
        "expression" : "Zlib"
      } ]
    }, {
      "scope" : "required",
      "type" : "library",
      "bom-ref" : "simplicity_sdk:2025.6.2:slist",
      "name" : "Single Link List",
      "version" : "2025.6.2",
      "supplier" : {
        "name" : "Silicon Laboratories, Inc."
      },
      "licenses" : [ {
        "expression" : "Zlib"
      } ]
    }, {
      "scope" : "required",
      "type" : "library",
      "bom-ref" : "simplicity_sdk:2025.6.2:device_gpio",
      "name" : "Device Manager GPIO",
      "version" : "2025.6.2",
      "supplier" : {
        "name" : "Silicon Laboratories, Inc."
      },
      "licenses" : [ {
        "expression" : "Zlib"
      } ]
    }, {
      "scope" : "required",
      "type" : "library",
      "bom-ref" : "simplicity_sdk:2025.6.2:event_handler",
      "name" : "Event Handler",
      "version" : "2025.6.2",
      "supplier" : {
        "name" : "Silicon Laboratories, Inc."
      },
      "licenses" : [ {
        "expression" : "Zlib"
      } ]
    }, {
      "scope" : "required",
      "type" : "library",
      "bom-ref" : "simplicity_sdk:2025.6.2:emlib_msc",
      "name" : "MSC",
      "version" : "2025.6.2",
      "supplier" : {
        "name" : "Silicon Laboratories, Inc."
      },
      "licenses" : [ {
        "expression" : "Zlib"
      } ]
    }, {
      "scope" : "required",
      "type" : "library",
      "bom-ref" : "simplicity_sdk:2025.6.2:device_i2c",
      "name" : "Device Manager I2C",
      "version" : "2025.6.2",
      "supplier" : {
        "name" : "Silicon Laboratories, Inc."
      },
      "licenses" : [ {
        "expression" : "Zlib"
      } ]
    }, {
      "scope" : "required",
      "type" : "library",
      "bom-ref" : "simplicity_sdk:2025.6.2:hal_prs",
      "name" : "PRS",
      "version" : "2025.6.2",
      "supplier" : {
        "name" : "Silicon Laboratories, Inc."
      },
      "licenses" : [ {
        "expression" : "Zlib"
      } ]
    }, {
      "scope" : "required",
      "type" : "library",
      "bom-ref" : "simplicity_sdk:2025.6.2:device_init_dcdc",
      "name" : "DC-DC Converter",
      "version" : "2025.6.2",
      "supplier" : {
        "name" : "Silicon Laboratories, Inc."
      },
      "licenses" : [ {
        "expression" : "Zlib"
      } ]
    }, {
      "scope" : "required",
      "type" : "library",
      "bom-ref" : "simplicity_sdk:2025.6.2:debug_swo",
      "name" : "SWO Debug",
      "version" : "2025.6.2",
      "supplier" : {
        "name" : "Silicon Laboratories, Inc."
      },
      "licenses" : [ {
        "expression" : "Zlib"
      } ]
    }, {
      "scope" : "required",
      "type" : "library",
      "bom-ref" : "simplicity_sdk:2025.6.2:device_init_emu",
      "name" : "Energy Management Unit (EMU)",
      "version" : "2025.6.2",
      "supplier" : {
        "name" : "Silicon Laboratories, Inc."
      },
      "licenses" : [ {
        "expression" : "Zlib"
      } ]
    }, {
      "scope" : "required",
      "type" : "library",
      "bom-ref" : "simplicity_sdk:2025.6.2:enum",
      "name" : "Enumerations",
      "version" : "2025.6.2",
      "supplier" : {
        "name" : "Silicon Laboratories, Inc."
      },
      "licenses" : [ {
        "expression" : "Zlib"
      } ]
    }, {
      "scope" : "required",
      "type" : "library",
      "bom-ref" : "simplicity_sdk:2025.6.2:interrupt_manager_cortexm",
      "name" : "Interrupt Manager Cortex-M",
      "version" : "2025.6.2",
      "supplier" : {
        "name" : "Silicon Laboratories, Inc."
      },
      "licenses" : [ {
        "expression" : "Zlib"
      } ]
    }, {
      "scope" : "required",
      "type" : "library",
      "bom-ref" : "simplicity_sdk:2025.6.2:sl_main_memory_init",
      "name" : "sl_main Setup",
      "version" : "2025.6.2",
      "supplier" : {
        "name" : "Silicon Laboratories, Inc."
      },
      "licenses" : [ {
        "expression" : "Zlib"
      } ]
    }, {
      "scope" : "required",
      "type" : "library",
      "bom-ref" : "simplicity_sdk:2025.6.2:sl_string",
      "name" : "String Functions",
      "version" : "2025.6.2",
      "supplier" : {
        "name" : "Silicon Laboratories, Inc."
      },
      "licenses" : [ {
        "expression" : "Zlib"
      } ]
    }, {
      "scope" : "required",
      "type" : "library",
      "bom-ref" : "simplicity_sdk:2025.6.2:atomic",
      "name" : "Atomic Operations Library",
      "version" : "2025.6.2",
      "supplier" : {
        "name" : "Silicon Laboratories, Inc."
      },
      "licenses" : [ {
        "expression" : "Zlib"
      } ]
    }, {
      "scope" : "required",
      "type" : "library",
      "bom-ref" : "simplicity_sdk:2025.6.2:code_classification",
      "name" : "Code Classification",
      "version" : "2025.6.2",
      "supplier" : {
        "name" : "Silicon Laboratories, Inc."
      },
      "licenses" : [ {
        "expression" : "Zlib"
      } ]
    }, {
      "scope" : "required",
      "type" : "library",
      "bom-ref" : "simplicity_sdk:2025.6.2:configuration_over_swo",
      "name" : "Configuration Over SWO",
      "version" : "2025.6.2",
      "supplier" : {
        "name" : "Silicon Laboratories, Inc."
      },
      "licenses" : [ {
        "expression" : "Zlib"
      } ]
    }, {
      "scope" : "required",
      "type" : "library",
      "bom-ref" : "simplicity_sdk:2025.6.2:brd2713a",
      "name" : "BRD2713A",
      "version" : "2025.6.2",
      "supplier" : {
        "name" : "Silicon Laboratories, Inc."
      },
      "licenses" : [ {
        "expression" : "Zlib"
      } ]
    }, {
      "scope" : "required",
      "type" : "library",
      "bom-ref" : "simplicity_sdk:2025.6.2:status",
      "name" : "Status Codes Definitions",
      "version" : "2025.6.2",
      "supplier" : {
        "name" : "Silicon Laboratories, Inc."
      },
      "licenses" : [ {
        "expression" : "Zlib"
      } ]
    }, {
      "scope" : "required",
      "type" : "library",
      "bom-ref" : "simplicity_sdk:2025.6.2:emlib_chip",
      "name" : "CHIP",
      "version" : "2025.6.2",
      "supplier" : {
        "name" : "Silicon Laboratories, Inc."
      },
      "licenses" : [ {
        "expression" : "Zlib"
      } ]
    }, {
      "scope" : "required",
      "type" : "library",
      "bom-ref" : "simplicity_sdk:2025.6.2:emlib_gpio",
      "name" : "GPIO",
      "version" : "2025.6.2",
      "supplier" : {
        "name" : "Silicon Laboratories, Inc."
      },
      "licenses" : [ {
        "expression" : "Zlib"
      } ]
    }, {
      "scope" : "required",
      "type" : "library",
      "bom-ref" : "simplicity_sdk:2025.6.2:device_clock_hal",
      "name" : "Device Manager Clock HAL",
      "version" : "2025.6.2",
      "supplier" : {
        "name" : "Silicon Laboratories, Inc."
      },
      "licenses" : [ {
        "expression" : "Zlib"
      } ]
    }, {
      "scope" : "required",
      "type" : "library",
      "bom-ref" : "simplicity_sdk:2025.6.2:emlib_ldma",
      "name" : "LDMA",
      "version" : "2025.6.2",
      "supplier" : {
        "name" : "Silicon Laboratories, Inc."
      },
      "licenses" : [ {
        "expression" : "Zlib"
      } ]
    }, {
      "scope" : "required",
      "type" : "library",
      "bom-ref" : "simplicity_sdk:2025.6.2:sl_assert",
      "name" : "Assert Functions",
      "version" : "2025.6.2",
      "supplier" : {
        "name" : "Silicon Laboratories, Inc."
      },
      "licenses" : [ {
        "expression" : "Zlib"
      } ]
    }, {
      "scope" : "required",
      "type" : "library",
      "bom-ref" : "simplicity_sdk:2025.6.2:device_clock",
      "name" : "Device Manager Clock",
      "version" : "2025.6.2",
      "supplier" : {
        "name" : "Silicon Laboratories, Inc."
      },
      "licenses" : [ {
        "expression" : "Zlib"
      } ]
    }, {
      "scope" : "required",
      "type" : "library",
      "bom-ref" : "simplicity_sdk:2025.6.2:component_catalog",
      "name" : "Component Catalog",
      "version" : "2025.6.2",
      "supplier" : {
        "name" : "Silicon Laboratories, Inc."
      },
      "licenses" : [ {
        "expression" : "Zlib"
      } ]
    }, {
      "scope" : "required",
      "type" : "library",
      "bom-ref" : "simplicity_sdk:2025.6.2:emlib_emu",
      "name" : "EMU",
      "version" : "2025.6.2",
      "supplier" : {
        "name" : "Silicon Laboratories, Inc."
      },
      "licenses" : [ {
        "expression" : "Zlib"
      } ]
    }, {
      "scope" : "required",
      "type" : "library",
      "bom-ref" : "simplicity_sdk:2025.6.2:MGM260PD32VNA_config",
      "name" : "MGM260PD32VNA config",
      "version" : "2025.6.2",
      "supplier" : {
        "name" : "Silicon Laboratories, Inc."
      },
      "licenses" : [ {
        "expression" : "Zlib"
      } ]
    }, {
      "scope" : "required",
      "type" : "library",
      "bom-ref" : "simplicity_sdk:2025.6.2:emlib_cmu",
      "name" : "CMU",
      "version" : "2025.6.2",
      "supplier" : {
        "name" : "Silicon Laboratories, Inc."
      },
      "licenses" : [ {
        "expression" : "Zlib"
      } ]
    }, {
      "scope" : "required",
      "type" : "library",
      "bom-ref" : "simplicity_sdk:2025.6.2:clock_manager_runtime_hal_s2",
      "name" : "Clock Manager Runtime HAL Series 2",
      "version" : "2025.6.2",
      "supplier" : {
        "name" : "Silicon Laboratories, Inc."
      },
      "licenses" : [ {
        "expression" : "Zlib"
      } ]
    }, {
      "scope" : "required",
      "type" : "library",
      "bom-ref" : "simplicity_sdk:2025.6.2:emlib_syscfg",
      "name" : "SYSCFG",
      "version" : "2025.6.2",
      "supplier" : {
        "name" : "Silicon Laboratories, Inc."
      },
      "licenses" : [ {
        "expression" : "Zlib"
      } ]
    }, {
      "scope" : "required",
      "type" : "library",
      "bom-ref" : "simplicity_sdk:2025.6.2:hal_eusart",
      "name" : "EUSART",
      "version" : "2025.6.2",
      "supplier" : {
        "name" : "Silicon Laboratories, Inc."
      },
      "licenses" : [ {
        "expression" : "Zlib"
      } ]
    }, {
      "scope" : "required",
      "type" : "library",
      "bom-ref" : "simplicity_sdk:2025.6.2:iostream_eusart_core",
      "name" : "IO Stream: EUSART Core",
      "version" : "2025.6.2",
      "supplier" : {
        "name" : "Silicon Laboratories, Inc."
      },
      "licenses" : [ {
        "expression" : "Zlib"
      } ]
    }, {
      "scope" : "required",
      "type" : "library",
      "bom-ref" : "simplicity_sdk:2025.6.2:dmadrv",
      "name" : "DMADRV",
      "version" : "2025.6.2",
      "supplier" : {
        "name" : "Silicon Laboratories, Inc."
      },
      "licenses" : [ {
        "expression" : "Zlib"
      } ]
    }, {
      "scope" : "required",
      "type" : "library",
      "bom-ref" : "simplicity_sdk:2025.6.2:sl_core",
      "name" : "core",
      "version" : "2025.6.2",
      "supplier" : {
        "name" : "Silicon Laboratories, Inc."
      },
      "licenses" : [ {
        "expression" : "Zlib"
      } ]
    }, {
      "scope" : "required",
      "type" : "library",
      "bom-ref" : "simplicity_sdk:2025.6.2:hal_common",
      "name" : "Common Headers",
      "version" : "2025.6.2",
      "supplier" : {
        "name" : "Silicon Laboratories, Inc."
      },
      "licenses" : [ {
        "expression" : "Zlib"
      } ]
    }, {
      "scope" : "required",
      "type" : "library",
      "bom-ref" : "simplicity_sdk:2025.6.2:emlib_common",
      "name" : "Common Headers",
      "version" : "2025.6.2",
      "supplier" : {
        "name" : "Silicon Laboratories, Inc."
      },
      "licenses" : [ {
        "expression" : "Zlib"
      } ]
    }, {
      "scope" : "required",
      "type" : "library",
      "bom-ref" : "simplicity_sdk:2025.6.2:brd2713a_config",
      "name" : "brd2713a config",
      "version" : "2025.6.2",
      "supplier" : {
        "name" : "Silicon Laboratories, Inc."
      },
      "licenses" : [ {
        "expression" : "Zlib"
      } ]
    }, {
      "scope" : "required",
      "type" : "library",
      "bom-ref" : "simplicity_sdk:2025.6.2:device_peripheral_hal",
      "name" : "Device Manager Peripheral HAL",
      "version" : "2025.6.2",
      "supplier" : {
        "name" : "Silicon Laboratories, Inc."
      },
      "licenses" : [ {
        "expression" : "Zlib"
      } ]
    }, {
      "scope" : "required",
      "type" : "library",
      "bom-ref" : "simplicity_sdk:2025.6.2:cmsis_core",
      "name" : "CMSIS-Core",
      "version" : "2025.6.2",
      "supplier" : {
        "name" : "Silicon Laboratories, Inc."
      },
      "licenses" : [ {
        "expression" : "Apache 2.0"
      } ],
      "pedigree" : {
        "ancestors" : [ {
          "scope" : "required",
          "type" : "library",
          "bom-ref" : "cmsis_core:5.8.0",
          "name" : "CMSIS_5",
          "version" : "5.8.0",
          "supplier" : {
            "name" : "ARM-software"
          },
          "externalReferences" : [ {
            "type" : "website",
            "url" : "https://github.com/ARM-software/CMSIS_5"
          } ],
          "purl" : "pkg:github/ARM-software/CMSIS_5@5.8.0",
          "pedigree" : {
            "notes" : "The CMSIS is a set of tools, APIs, frameworks, and work flows"
          }
        } ]
      }
    }, {
      "scope" : "required",
      "type" : "library",
      "bom-ref" : "simplicity_sdk:2025.6.2:interrupt_manager",
      "name" : "Interrupt Manager",
      "version" : "2025.6.2",
      "supplier" : {
        "name" : "Silicon Laboratories, Inc."
      },
      "licenses" : [ {
        "expression" : "Zlib"
      } ]
    }, {
      "scope" : "required",
      "type" : "library",
      "bom-ref" : "simplicity_sdk:2025.6.2:emlib_core",
      "name" : "CORE",
      "version" : "2025.6.2",
      "supplier" : {
        "name" : "Silicon Laboratories, Inc."
      },
      "licenses" : [ {
        "expression" : "Zlib"
      } ]
    }, {
      "scope" : "required",
      "type" : "library",
      "bom-ref" : "simplicity_sdk:2025.6.2:ecode",
      "name" : "EMDRV Common Headers",
      "version" : "2025.6.2",
      "supplier" : {
        "name" : "Silicon Laboratories, Inc."
      },
      "licenses" : [ {
        "expression" : "Zlib"
      } ]
    }, {
      "scope" : "required",
      "type" : "library",
      "bom-ref" : "simplicity_sdk:2025.6.2:iostream_uart_common",
      "name" : "IO Stream: Common code for UART-type streams",
      "version" : "2025.6.2",
      "supplier" : {
        "name" : "Silicon Laboratories, Inc."
      },
      "licenses" : [ {
        "expression" : "Zlib"
      } ]
    }, {
      "scope" : "required",
      "type" : "library",
      "bom-ref" : "simplicity_sdk:2025.6.2:clock_manager_runtime",
      "name" : "Clock Manager Runtime",
      "version" : "2025.6.2",
      "supplier" : {
        "name" : "Silicon Laboratories, Inc."
      },
      "licenses" : [ {
        "expression" : "Zlib"
      } ]
    }, {
      "scope" : "required",
      "type" : "library",
      "bom-ref" : "simplicity_sdk:2025.6.2:sl_common",
      "name" : "Common Functions",
      "version" : "2025.6.2",
      "supplier" : {
        "name" : "Silicon Laboratories, Inc."
      },
      "licenses" : [ {
        "expression" : "Zlib"
      } ]
    }, {
      "scope" : "required",
      "type" : "library",
      "bom-ref" : "simplicity_sdk:2025.6.2:device_peripheral",
      "name" : "Device Manager Peripheral",
      "version" : "2025.6.2",
      "supplier" : {
        "name" : "Silicon Laboratories, Inc."
      },
      "licenses" : [ {
        "expression" : "Zlib"
      } ]
    }, {
      "scope" : "required",
      "type" : "library",
      "bom-ref" : "simplicity_sdk:2025.6.2:sl_main_init",
      "name" : "sl main Init",
      "version" : "2025.6.2",
      "supplier" : {
        "name" : "Silicon Laboratories, Inc."
      },
      "licenses" : [ {
        "expression" : "Zlib"
      } ]
    }, {
      "scope" : "required",
      "type" : "library",
      "bom-ref" : "simplicity_sdk:2025.6.2:sl_main_process_action",
      "name" : "sl_main Process Action",
      "version" : "2025.6.2",
      "supplier" : {
        "name" : "Silicon Laboratories, Inc."
      },
      "licenses" : [ {
        "expression" : "Zlib"
      } ]
    }, {
      "scope" : "required",
      "type" : "library",
      "bom-ref" : "simplicity_sdk:2025.6.2:gpio",
      "name" : "GPIO Driver",
      "version" : "2025.6.2",
      "supplier" : {
        "name" : "Silicon Laboratories, Inc."
      },
      "licenses" : [ {
        "expression" : "Zlib"
      } ]
    }, {
      "scope" : "required",
      "type" : "library",
      "bom-ref" : "simplicity_sdk:2025.6.2:i2cspm",
      "name" : "I2CSPM",
      "version" : "2025.6.2",
      "supplier" : {
        "name" : "Silicon Laboratories, Inc."
      },
      "licenses" : [ {
        "expression" : "Zlib"
      } ]
    }, {
      "scope" : "required",
      "type" : "library",
      "bom-ref" : "simplicity_sdk:2025.6.2:i2cspm_core",
      "name" : "I2CSPM Core",
      "version" : "2025.6.2",
      "supplier" : {
        "name" : "Silicon Laboratories, Inc."
      },
      "licenses" : [ {
        "expression" : "Zlib"
      } ]
    }, {
      "scope" : "required",
      "type" : "library",
      "bom-ref" : "simplicity_sdk:2025.6.2:emlib_i2c",
      "name" : "I2C",
      "version" : "2025.6.2",
      "supplier" : {
        "name" : "Silicon Laboratories, Inc."
      },
      "licenses" : [ {
        "expression" : "Zlib"
      } ]
    }, {
      "scope" : "required",
      "type" : "library",
      "bom-ref" : "simplicity_sdk:2025.6.2:udelay",
      "name" : "Microsecond Delay",
      "version" : "2025.6.2",
      "supplier" : {
        "name" : "Silicon Laboratories, Inc."
      },
      "licenses" : [ {
        "expression" : "Zlib"
      } ]
    }, {
      "scope" : "required",
      "type" : "library",
      "bom-ref" : "simplicity_sdk:2025.6.2:sleeptimer",
      "name" : "Sleep Timer",
      "version" : "2025.6.2",
      "supplier" : {
        "name" : "Silicon Laboratories, Inc."
      },
      "licenses" : [ {
        "expression" : "Zlib"
      } ]
    }, {
      "scope" : "required",
      "type" : "library",
      "bom-ref" : "simplicity_sdk:2025.6.2:emlib_burtc",
      "name" : "BURTC",
      "version" : "2025.6.2",
      "supplier" : {
        "name" : "Silicon Laboratories, Inc."
      },
      "licenses" : [ {
        "expression" : "Zlib"
      } ]
    }, {
      "scope" : "required",
      "type" : "library",
      "bom-ref" : "simplicity_sdk:2025.6.2:hal_sysrtc",
      "name" : "SYSRTC",
      "version" : "2025.6.2",
      "supplier" : {
        "name" : "Silicon Laboratories, Inc."
      },
      "licenses" : [ {
        "expression" : "Zlib"
      } ]
    }, {
      "scope" : "required",
      "type" : "library",
      "bom-ref" : "simplicity_sdk:2025.6.2:emlib_timer",
      "name" : "TIMER",
      "version" : "2025.6.2",
      "supplier" : {
        "name" : "Silicon Laboratories, Inc."
      },
      "licenses" : [ {
        "expression" : "Zlib"
      } ]
    }, {
      "scope" : "required",
      "type" : "library",
      "bom-ref" : "simplicity_sdk:2025.6.2:emlib_prs",
      "name" : "PRS",
      "version" : "2025.6.2",
      "supplier" : {
        "name" : "Silicon Laboratories, Inc."
      },
      "licenses" : [ {
        "expression" : "Zlib"
      } ]
    } ]
  } ]
}