{
  "SPDXID" : "SPDXRef-DOCUMENT",
  "spdxVersion" : "SPDX-2.3",
  "dataLicense" : "CC0-1.0",
  "name" : "Silicon-Laboratories",
  "documentNamespace" : "https://silabs.com",
  "creationInfo" : {
    "created" : "2025-11-13T13:26:43Z",
    "creators" : [ "Tool: Silicon Labs Configuration Tooling" ]
  },
  "comment" : "TERMS OF USE - SILICON LABORATORIES INC.\n(With respect to Silicon Labs software components, this Software Bill of Materials (SBOM) is based upon Silicon Labs'\nreview and analysis of the code version when released.  It is provided \"AS IS\" and does not modify, change or alter\nthe terms or conditions of your use of Silicon Labs' software and/or SDKs based upon license terms and/or agreements\nassociated with this software or SDKs when distributed to you, received by you, or installed by you.  Further, no\nwarranties or obligations are created by this SBOM.  It is your obligation to comply with the terms of licenses\nreferenced in this SBOM.)",
  "documentDescribes" : [ "SPDXRef-simplicity_sdk-2025.6.2" ],
  "packages" : [ {
    "SPDXID" : "SPDXRef-simplicity_sdk-2025.6.2",
    "name" : "Simplicity SDK Suite",
    "versionInfo" : "2025.6.2",
    "primaryPackagePurpose" : "LIBRARY",
    "downloadLocation" : "NOASSERTION",
    "supplier" : "Organization: Silicon Laboratories, Inc."
  }, {
    "SPDXID" : "SPDXRef-simplicity_sdk-2025.6.2-MGM260PD32VNA",
    "name" : "MGM260PD32VNA",
    "versionInfo" : "2025.6.2",
    "primaryPackagePurpose" : "LIBRARY",
    "downloadLocation" : "NOASSERTION",
    "supplier" : "Organization: Silicon Laboratories, Inc.",
    "licenseConcluded" : "Zlib"
  }, {
    "SPDXID" : "SPDXRef-simplicity_sdk-2025.6.2-brd2713a_a04",
    "name" : "BRD2713A rev A04",
    "versionInfo" : "2025.6.2",
    "primaryPackagePurpose" : "LIBRARY",
    "downloadLocation" : "NOASSERTION",
    "supplier" : "Organization: Silicon Laboratories, Inc.",
    "licenseConcluded" : "Zlib"
  }, {
    "SPDXID" : "SPDXRef-simplicity_sdk-2025.6.2-clock_manager",
    "name" : "Clock Manager",
    "versionInfo" : "2025.6.2",
    "primaryPackagePurpose" : "LIBRARY",
    "downloadLocation" : "NOASSERTION",
    "supplier" : "Organization: Silicon Laboratories, Inc.",
    "licenseConcluded" : "Zlib"
  }, {
    "SPDXID" : "SPDXRef-simplicity_sdk-2025.6.2-device_init",
    "name" : "Automatic Device Initialization",
    "versionInfo" : "2025.6.2",
    "primaryPackagePurpose" : "LIBRARY",
    "downloadLocation" : "NOASSERTION",
    "supplier" : "Organization: Silicon Laboratories, Inc.",
    "licenseConcluded" : "Zlib"
  }, {
    "SPDXID" : "SPDXRef-simplicity_sdk-2025.6.2-iostream",
    "name" : "IO Stream",
    "versionInfo" : "2025.6.2",
    "primaryPackagePurpose" : "LIBRARY",
    "downloadLocation" : "NOASSERTION",
    "supplier" : "Organization: Silicon Laboratories, Inc.",
    "licenseConcluded" : "Zlib"
  }, {
    "SPDXID" : "SPDXRef-simplicity_sdk-2025.6.2-iostream_eusart",
    "name" : "IO Stream: EUSART",
    "versionInfo" : "2025.6.2",
    "primaryPackagePurpose" : "LIBRARY",
    "downloadLocation" : "NOASSERTION",
    "supplier" : "Organization: Silicon Laboratories, Inc.",
    "licenseConcluded" : "Zlib"
  }, {
    "SPDXID" : "SPDXRef-simplicity_sdk-2025.6.2-iostream_retarget_stdio",
    "name" : "IO Stream: Retarget STDIO",
    "versionInfo" : "2025.6.2",
    "primaryPackagePurpose" : "LIBRARY",
    "downloadLocation" : "NOASSERTION",
    "supplier" : "Organization: Silicon Laboratories, Inc.",
    "licenseConcluded" : "Zlib"
  }, {
    "SPDXID" : "SPDXRef-simplicity_sdk-2025.6.2-sl_main",
    "name" : "System Setup (sl_main)",
    "versionInfo" : "2025.6.2",
    "primaryPackagePurpose" : "LIBRARY",
    "downloadLocation" : "NOASSERTION",
    "supplier" : "Organization: Silicon Laboratories, Inc.",
    "licenseConcluded" : "Zlib"
  }, {
    "SPDXID" : "SPDXRef-simplicity_sdk-2025.6.2-dmadrv_core",
    "name" : "DMADRV Core",
    "versionInfo" : "2025.6.2",
    "primaryPackagePurpose" : "LIBRARY",
    "downloadLocation" : "NOASSERTION",
    "supplier" : "Organization: Silicon Laboratories, Inc.",
    "licenseConcluded" : "Zlib"
  }, {
    "SPDXID" : "SPDXRef-simplicity_sdk-2025.6.2-device_manager",
    "name" : "Device Manager",
    "versionInfo" : "2025.6.2",
    "primaryPackagePurpose" : "LIBRARY",
    "downloadLocation" : "NOASSERTION",
    "supplier" : "Organization: Silicon Laboratories, Inc.",
    "licenseConcluded" : "Zlib"
  }, {
    "SPDXID" : "SPDXRef-simplicity_sdk-2025.6.2-board_control",
    "name" : "Board Control",
    "versionInfo" : "2025.6.2",
    "primaryPackagePurpose" : "LIBRARY",
    "downloadLocation" : "NOASSERTION",
    "supplier" : "Organization: Silicon Laboratories, Inc.",
    "licenseConcluded" : "Zlib"
  }, {
    "SPDXID" : "SPDXRef-simplicity_sdk-2025.6.2-emlib_eusart",
    "name" : "EUSART",
    "versionInfo" : "2025.6.2",
    "primaryPackagePurpose" : "LIBRARY",
    "downloadLocation" : "NOASSERTION",
    "supplier" : "Organization: Silicon Laboratories, Inc.",
    "licenseConcluded" : "Zlib"
  }, {
    "SPDXID" : "SPDXRef-simplicity_sdk-2025.6.2-device_init_core",
    "name" : "Core",
    "versionInfo" : "2025.6.2",
    "primaryPackagePurpose" : "LIBRARY",
    "downloadLocation" : "NOASSERTION",
    "supplier" : "Organization: Silicon Laboratories, Inc.",
    "licenseConcluded" : "Zlib"
  }, {
    "SPDXID" : "SPDXRef-simplicity_sdk-2025.6.2-emlib_system",
    "name" : "SYSTEM",
    "versionInfo" : "2025.6.2",
    "primaryPackagePurpose" : "LIBRARY",
    "downloadLocation" : "NOASSERTION",
    "supplier" : "Organization: Silicon Laboratories, Inc.",
    "licenseConcluded" : "Zlib"
  }, {
    "SPDXID" : "SPDXRef-simplicity_sdk-2025.6.2-clock_manager_init_hal_s2",
    "name" : "Clock Manager Init HAL Series 2",
    "versionInfo" : "2025.6.2",
    "primaryPackagePurpose" : "LIBRARY",
    "downloadLocation" : "NOASSERTION",
    "supplier" : "Organization: Silicon Laboratories, Inc.",
    "licenseConcluded" : "Zlib"
  }, {
    "SPDXID" : "SPDXRef-simplicity_sdk-2025.6.2-hal_gpio",
    "name" : "GPIO",
    "versionInfo" : "2025.6.2",
    "primaryPackagePurpose" : "LIBRARY",
    "downloadLocation" : "NOASSERTION",
    "supplier" : "Organization: Silicon Laboratories, Inc.",
    "licenseConcluded" : "Zlib"
  }, {
    "SPDXID" : "SPDXRef-simplicity_sdk-2025.6.2-slist",
    "name" : "Single Link List",
    "versionInfo" : "2025.6.2",
    "primaryPackagePurpose" : "LIBRARY",
    "downloadLocation" : "NOASSERTION",
    "supplier" : "Organization: Silicon Laboratories, Inc.",
    "licenseConcluded" : "Zlib"
  }, {
    "SPDXID" : "SPDXRef-simplicity_sdk-2025.6.2-device_gpio",
    "name" : "Device Manager GPIO",
    "versionInfo" : "2025.6.2",
    "primaryPackagePurpose" : "LIBRARY",
    "downloadLocation" : "NOASSERTION",
    "supplier" : "Organization: Silicon Laboratories, Inc.",
    "licenseConcluded" : "Zlib"
  }, {
    "SPDXID" : "SPDXRef-simplicity_sdk-2025.6.2-event_handler",
    "name" : "Event Handler",
    "versionInfo" : "2025.6.2",
    "primaryPackagePurpose" : "LIBRARY",
    "downloadLocation" : "NOASSERTION",
    "supplier" : "Organization: Silicon Laboratories, Inc.",
    "licenseConcluded" : "Zlib"
  }, {
    "SPDXID" : "SPDXRef-simplicity_sdk-2025.6.2-emlib_msc",
    "name" : "MSC",
    "versionInfo" : "2025.6.2",
    "primaryPackagePurpose" : "LIBRARY",
    "downloadLocation" : "NOASSERTION",
    "supplier" : "Organization: Silicon Laboratories, Inc.",
    "licenseConcluded" : "Zlib"
  }, {
    "SPDXID" : "SPDXRef-simplicity_sdk-2025.6.2-device_i2c",
    "name" : "Device Manager I2C",
    "versionInfo" : "2025.6.2",
    "primaryPackagePurpose" : "LIBRARY",
    "downloadLocation" : "NOASSERTION",
    "supplier" : "Organization: Silicon Laboratories, Inc.",
    "licenseConcluded" : "Zlib"
  }, {
    "SPDXID" : "SPDXRef-simplicity_sdk-2025.6.2-hal_prs",
    "name" : "PRS",
    "versionInfo" : "2025.6.2",
    "primaryPackagePurpose" : "LIBRARY",
    "downloadLocation" : "NOASSERTION",
    "supplier" : "Organization: Silicon Laboratories, Inc.",
    "licenseConcluded" : "Zlib"
  }, {
    "SPDXID" : "SPDXRef-simplicity_sdk-2025.6.2-device_init_dcdc",
    "name" : "DC-DC Converter",
    "versionInfo" : "2025.6.2",
    "primaryPackagePurpose" : "LIBRARY",
    "downloadLocation" : "NOASSERTION",
    "supplier" : "Organization: Silicon Laboratories, Inc.",
    "licenseConcluded" : "Zlib"
  }, {
    "SPDXID" : "SPDXRef-simplicity_sdk-2025.6.2-debug_swo",
    "name" : "SWO Debug",
    "versionInfo" : "2025.6.2",
    "primaryPackagePurpose" : "LIBRARY",
    "downloadLocation" : "NOASSERTION",
    "supplier" : "Organization: Silicon Laboratories, Inc.",
    "licenseConcluded" : "Zlib"
  }, {
    "SPDXID" : "SPDXRef-simplicity_sdk-2025.6.2-device_init_emu",
    "name" : "Energy Management Unit (EMU)",
    "versionInfo" : "2025.6.2",
    "primaryPackagePurpose" : "LIBRARY",
    "downloadLocation" : "NOASSERTION",
    "supplier" : "Organization: Silicon Laboratories, Inc.",
    "licenseConcluded" : "Zlib"
  }, {
    "SPDXID" : "SPDXRef-simplicity_sdk-2025.6.2-enum",
    "name" : "Enumerations",
    "versionInfo" : "2025.6.2",
    "primaryPackagePurpose" : "LIBRARY",
    "downloadLocation" : "NOASSERTION",
    "supplier" : "Organization: Silicon Laboratories, Inc.",
    "licenseConcluded" : "Zlib"
  }, {
    "SPDXID" : "SPDXRef-simplicity_sdk-2025.6.2-interrupt_manager_cortexm",
    "name" : "Interrupt Manager Cortex-M",
    "versionInfo" : "2025.6.2",
    "primaryPackagePurpose" : "LIBRARY",
    "downloadLocation" : "NOASSERTION",
    "supplier" : "Organization: Silicon Laboratories, Inc.",
    "licenseConcluded" : "Zlib"
  }, {
    "SPDXID" : "SPDXRef-simplicity_sdk-2025.6.2-sl_main_memory_init",
    "name" : "sl_main Setup",
    "versionInfo" : "2025.6.2",
    "primaryPackagePurpose" : "LIBRARY",
    "downloadLocation" : "NOASSERTION",
    "supplier" : "Organization: Silicon Laboratories, Inc.",
    "licenseConcluded" : "Zlib"
  }, {
    "SPDXID" : "SPDXRef-simplicity_sdk-2025.6.2-sl_string",
    "name" : "String Functions",
    "versionInfo" : "2025.6.2",
    "primaryPackagePurpose" : "LIBRARY",
    "downloadLocation" : "NOASSERTION",
    "supplier" : "Organization: Silicon Laboratories, Inc.",
    "licenseConcluded" : "Zlib"
  }, {
    "SPDXID" : "SPDXRef-simplicity_sdk-2025.6.2-atomic",
    "name" : "Atomic Operations Library",
    "versionInfo" : "2025.6.2",
    "primaryPackagePurpose" : "LIBRARY",
    "downloadLocation" : "NOASSERTION",
    "supplier" : "Organization: Silicon Laboratories, Inc.",
    "licenseConcluded" : "Zlib"
  }, {
    "SPDXID" : "SPDXRef-simplicity_sdk-2025.6.2-code_classification",
    "name" : "Code Classification",
    "versionInfo" : "2025.6.2",
    "primaryPackagePurpose" : "LIBRARY",
    "downloadLocation" : "NOASSERTION",
    "supplier" : "Organization: Silicon Laboratories, Inc.",
    "licenseConcluded" : "Zlib"
  }, {
    "SPDXID" : "SPDXRef-simplicity_sdk-2025.6.2-configuration_over_swo",
    "name" : "Configuration Over SWO",
    "versionInfo" : "2025.6.2",
    "primaryPackagePurpose" : "LIBRARY",
    "downloadLocation" : "NOASSERTION",
    "supplier" : "Organization: Silicon Laboratories, Inc.",
    "licenseConcluded" : "Zlib"
  }, {
    "SPDXID" : "SPDXRef-simplicity_sdk-2025.6.2-brd2713a",
    "name" : "BRD2713A",
    "versionInfo" : "2025.6.2",
    "primaryPackagePurpose" : "LIBRARY",
    "downloadLocation" : "NOASSERTION",
    "supplier" : "Organization: Silicon Laboratories, Inc.",
    "licenseConcluded" : "Zlib"
  }, {
    "SPDXID" : "SPDXRef-simplicity_sdk-2025.6.2-status",
    "name" : "Status Codes Definitions",
    "versionInfo" : "2025.6.2",
    "primaryPackagePurpose" : "LIBRARY",
    "downloadLocation" : "NOASSERTION",
    "supplier" : "Organization: Silicon Laboratories, Inc.",
    "licenseConcluded" : "Zlib"
  }, {
    "SPDXID" : "SPDXRef-simplicity_sdk-2025.6.2-emlib_chip",
    "name" : "CHIP",
    "versionInfo" : "2025.6.2",
    "primaryPackagePurpose" : "LIBRARY",
    "downloadLocation" : "NOASSERTION",
    "supplier" : "Organization: Silicon Laboratories, Inc.",
    "licenseConcluded" : "Zlib"
  }, {
    "SPDXID" : "SPDXRef-simplicity_sdk-2025.6.2-emlib_gpio",
    "name" : "GPIO",
    "versionInfo" : "2025.6.2",
    "primaryPackagePurpose" : "LIBRARY",
    "downloadLocation" : "NOASSERTION",
    "supplier" : "Organization: Silicon Laboratories, Inc.",
    "licenseConcluded" : "Zlib"
  }, {
    "SPDXID" : "SPDXRef-simplicity_sdk-2025.6.2-device_clock_hal",
    "name" : "Device Manager Clock HAL",
    "versionInfo" : "2025.6.2",
    "primaryPackagePurpose" : "LIBRARY",
    "downloadLocation" : "NOASSERTION",
    "supplier" : "Organization: Silicon Laboratories, Inc.",
    "licenseConcluded" : "Zlib"
  }, {
    "SPDXID" : "SPDXRef-simplicity_sdk-2025.6.2-emlib_ldma",
    "name" : "LDMA",
    "versionInfo" : "2025.6.2",
    "primaryPackagePurpose" : "LIBRARY",
    "downloadLocation" : "NOASSERTION",
    "supplier" : "Organization: Silicon Laboratories, Inc.",
    "licenseConcluded" : "Zlib"
  }, {
    "SPDXID" : "SPDXRef-simplicity_sdk-2025.6.2-sl_assert",
    "name" : "Assert Functions",
    "versionInfo" : "2025.6.2",
    "primaryPackagePurpose" : "LIBRARY",
    "downloadLocation" : "NOASSERTION",
    "supplier" : "Organization: Silicon Laboratories, Inc.",
    "licenseConcluded" : "Zlib"
  }, {
    "SPDXID" : "SPDXRef-simplicity_sdk-2025.6.2-device_clock",
    "name" : "Device Manager Clock",
    "versionInfo" : "2025.6.2",
    "primaryPackagePurpose" : "LIBRARY",
    "downloadLocation" : "NOASSERTION",
    "supplier" : "Organization: Silicon Laboratories, Inc.",
    "licenseConcluded" : "Zlib"
  }, {
    "SPDXID" : "SPDXRef-simplicity_sdk-2025.6.2-component_catalog",
    "name" : "Component Catalog",
    "versionInfo" : "2025.6.2",
    "primaryPackagePurpose" : "LIBRARY",
    "downloadLocation" : "NOASSERTION",
    "supplier" : "Organization: Silicon Laboratories, Inc.",
    "licenseConcluded" : "Zlib"
  }, {
    "SPDXID" : "SPDXRef-simplicity_sdk-2025.6.2-emlib_emu",
    "name" : "EMU",
    "versionInfo" : "2025.6.2",
    "primaryPackagePurpose" : "LIBRARY",
    "downloadLocation" : "NOASSERTION",
    "supplier" : "Organization: Silicon Laboratories, Inc.",
    "licenseConcluded" : "Zlib"
  }, {
    "SPDXID" : "SPDXRef-simplicity_sdk-2025.6.2-MGM260PD32VNA_config",
    "name" : "MGM260PD32VNA config",
    "versionInfo" : "2025.6.2",
    "primaryPackagePurpose" : "LIBRARY",
    "downloadLocation" : "NOASSERTION",
    "supplier" : "Organization: Silicon Laboratories, Inc.",
    "licenseConcluded" : "Zlib"
  }, {
    "SPDXID" : "SPDXRef-simplicity_sdk-2025.6.2-emlib_cmu",
    "name" : "CMU",
    "versionInfo" : "2025.6.2",
    "primaryPackagePurpose" : "LIBRARY",
    "downloadLocation" : "NOASSERTION",
    "supplier" : "Organization: Silicon Laboratories, Inc.",
    "licenseConcluded" : "Zlib"
  }, {
    "SPDXID" : "SPDXRef-simplicity_sdk-2025.6.2-clock_manager_runtime_hal_s2",
    "name" : "Clock Manager Runtime HAL Series 2",
    "versionInfo" : "2025.6.2",
    "primaryPackagePurpose" : "LIBRARY",
    "downloadLocation" : "NOASSERTION",
    "supplier" : "Organization: Silicon Laboratories, Inc.",
    "licenseConcluded" : "Zlib"
  }, {
    "SPDXID" : "SPDXRef-simplicity_sdk-2025.6.2-emlib_syscfg",
    "name" : "SYSCFG",
    "versionInfo" : "2025.6.2",
    "primaryPackagePurpose" : "LIBRARY",
    "downloadLocation" : "NOASSERTION",
    "supplier" : "Organization: Silicon Laboratories, Inc.",
    "licenseConcluded" : "Zlib"
  }, {
    "SPDXID" : "SPDXRef-simplicity_sdk-2025.6.2-hal_eusart",
    "name" : "EUSART",
    "versionInfo" : "2025.6.2",
    "primaryPackagePurpose" : "LIBRARY",
    "downloadLocation" : "NOASSERTION",
    "supplier" : "Organization: Silicon Laboratories, Inc.",
    "licenseConcluded" : "Zlib"
  }, {
    "SPDXID" : "SPDXRef-simplicity_sdk-2025.6.2-iostream_eusart_core",
    "name" : "IO Stream: EUSART Core",
    "versionInfo" : "2025.6.2",
    "primaryPackagePurpose" : "LIBRARY",
    "downloadLocation" : "NOASSERTION",
    "supplier" : "Organization: Silicon Laboratories, Inc.",
    "licenseConcluded" : "Zlib"
  }, {
    "SPDXID" : "SPDXRef-simplicity_sdk-2025.6.2-dmadrv",
    "name" : "DMADRV",
    "versionInfo" : "2025.6.2",
    "primaryPackagePurpose" : "LIBRARY",
    "downloadLocation" : "NOASSERTION",
    "supplier" : "Organization: Silicon Laboratories, Inc.",
    "licenseConcluded" : "Zlib"
  }, {
    "SPDXID" : "SPDXRef-simplicity_sdk-2025.6.2-sl_core",
    "name" : "core",
    "versionInfo" : "2025.6.2",
    "primaryPackagePurpose" : "LIBRARY",
    "downloadLocation" : "NOASSERTION",
    "supplier" : "Organization: Silicon Laboratories, Inc.",
    "licenseConcluded" : "Zlib"
  }, {
    "SPDXID" : "SPDXRef-simplicity_sdk-2025.6.2-hal_common",
    "name" : "Common Headers",
    "versionInfo" : "2025.6.2",
    "primaryPackagePurpose" : "LIBRARY",
    "downloadLocation" : "NOASSERTION",
    "supplier" : "Organization: Silicon Laboratories, Inc.",
    "licenseConcluded" : "Zlib"
  }, {
    "SPDXID" : "SPDXRef-simplicity_sdk-2025.6.2-emlib_common",
    "name" : "Common Headers",
    "versionInfo" : "2025.6.2",
    "primaryPackagePurpose" : "LIBRARY",
    "downloadLocation" : "NOASSERTION",
    "supplier" : "Organization: Silicon Laboratories, Inc.",
    "licenseConcluded" : "Zlib"
  }, {
    "SPDXID" : "SPDXRef-simplicity_sdk-2025.6.2-brd2713a_config",
    "name" : "brd2713a config",
    "versionInfo" : "2025.6.2",
    "primaryPackagePurpose" : "LIBRARY",
    "downloadLocation" : "NOASSERTION",
    "supplier" : "Organization: Silicon Laboratories, Inc.",
    "licenseConcluded" : "Zlib"
  }, {
    "SPDXID" : "SPDXRef-simplicity_sdk-2025.6.2-device_peripheral_hal",
    "name" : "Device Manager Peripheral HAL",
    "versionInfo" : "2025.6.2",
    "primaryPackagePurpose" : "LIBRARY",
    "downloadLocation" : "NOASSERTION",
    "supplier" : "Organization: Silicon Laboratories, Inc.",
    "licenseConcluded" : "Zlib"
  }, {
    "SPDXID" : "SPDXRef-simplicity_sdk-2025.6.2-cmsis_core",
    "name" : "CMSIS-Core",
    "versionInfo" : "2025.6.2",
    "primaryPackagePurpose" : "LIBRARY",
    "downloadLocation" : "NOASSERTION",
    "supplier" : "Organization: Silicon Laboratories, Inc.",
    "licenseConcluded" : "Apache 2.0"
  }, {
    "SPDXID" : "SPDXRef-cmsis_core-5.8.0",
    "name" : "CMSIS_5",
    "versionInfo" : "5.8.0",
    "primaryPackagePurpose" : "LIBRARY",
    "downloadLocation" : "NOASSERTION",
    "supplier" : "Organization: ARM-software",
    "originator" : "Organization: NOASSERTION",
    "homepage" : "https://github.com/ARM-software/CMSIS_5",
    "externalRefs" : [ {
      "referenceCategory" : "PACKAGE-MANAGER",
      "referenceLocator" : "pkg:github/ARM-software/CMSIS_5@5.8.0",
      "referenceType" : "purl"
    } ],
    "comment" : "The CMSIS is a set of tools, APIs, frameworks, and work flows"
  }, {
    "SPDXID" : "SPDXRef-simplicity_sdk-2025.6.2-interrupt_manager",
    "name" : "Interrupt Manager",
    "versionInfo" : "2025.6.2",
    "primaryPackagePurpose" : "LIBRARY",
    "downloadLocation" : "NOASSERTION",
    "supplier" : "Organization: Silicon Laboratories, Inc.",
    "licenseConcluded" : "Zlib"
  }, {
    "SPDXID" : "SPDXRef-simplicity_sdk-2025.6.2-emlib_core",
    "name" : "CORE",
    "versionInfo" : "2025.6.2",
    "primaryPackagePurpose" : "LIBRARY",
    "downloadLocation" : "NOASSERTION",
    "supplier" : "Organization: Silicon Laboratories, Inc.",
    "licenseConcluded" : "Zlib"
  }, {
    "SPDXID" : "SPDXRef-simplicity_sdk-2025.6.2-ecode",
    "name" : "EMDRV Common Headers",
    "versionInfo" : "2025.6.2",
    "primaryPackagePurpose" : "LIBRARY",
    "downloadLocation" : "NOASSERTION",
    "supplier" : "Organization: Silicon Laboratories, Inc.",
    "licenseConcluded" : "Zlib"
  }, {
    "SPDXID" : "SPDXRef-simplicity_sdk-2025.6.2-iostream_uart_common",
    "name" : "IO Stream: Common code for UART-type streams",
    "versionInfo" : "2025.6.2",
    "primaryPackagePurpose" : "LIBRARY",
    "downloadLocation" : "NOASSERTION",
    "supplier" : "Organization: Silicon Laboratories, Inc.",
    "licenseConcluded" : "Zlib"
  }, {
    "SPDXID" : "SPDXRef-simplicity_sdk-2025.6.2-clock_manager_runtime",
    "name" : "Clock Manager Runtime",
    "versionInfo" : "2025.6.2",
    "primaryPackagePurpose" : "LIBRARY",
    "downloadLocation" : "NOASSERTION",
    "supplier" : "Organization: Silicon Laboratories, Inc.",
    "licenseConcluded" : "Zlib"
  }, {
    "SPDXID" : "SPDXRef-simplicity_sdk-2025.6.2-sl_common",
    "name" : "Common Functions",
    "versionInfo" : "2025.6.2",
    "primaryPackagePurpose" : "LIBRARY",
    "downloadLocation" : "NOASSERTION",
    "supplier" : "Organization: Silicon Laboratories, Inc.",
    "licenseConcluded" : "Zlib"
  }, {
    "SPDXID" : "SPDXRef-simplicity_sdk-2025.6.2-device_peripheral",
    "name" : "Device Manager Peripheral",
    "versionInfo" : "2025.6.2",
    "primaryPackagePurpose" : "LIBRARY",
    "downloadLocation" : "NOASSERTION",
    "supplier" : "Organization: Silicon Laboratories, Inc.",
    "licenseConcluded" : "Zlib"
  }, {
    "SPDXID" : "SPDXRef-simplicity_sdk-2025.6.2-sl_main_init",
    "name" : "sl main Init",
    "versionInfo" : "2025.6.2",
    "primaryPackagePurpose" : "LIBRARY",
    "downloadLocation" : "NOASSERTION",
    "supplier" : "Organization: Silicon Laboratories, Inc.",
    "licenseConcluded" : "Zlib"
  }, {
    "SPDXID" : "SPDXRef-simplicity_sdk-2025.6.2-sl_main_process_action",
    "name" : "sl_main Process Action",
    "versionInfo" : "2025.6.2",
    "primaryPackagePurpose" : "LIBRARY",
    "downloadLocation" : "NOASSERTION",
    "supplier" : "Organization: Silicon Laboratories, Inc.",
    "licenseConcluded" : "Zlib"
  }, {
    "SPDXID" : "SPDXRef-simplicity_sdk-2025.6.2-gpio",
    "name" : "GPIO Driver",
    "versionInfo" : "2025.6.2",
    "primaryPackagePurpose" : "LIBRARY",
    "downloadLocation" : "NOASSERTION",
    "supplier" : "Organization: Silicon Laboratories, Inc.",
    "licenseConcluded" : "Zlib"
  }, {
    "SPDXID" : "SPDXRef-simplicity_sdk-2025.6.2-i2cspm",
    "name" : "I2CSPM",
    "versionInfo" : "2025.6.2",
    "primaryPackagePurpose" : "LIBRARY",
    "downloadLocation" : "NOASSERTION",
    "supplier" : "Organization: Silicon Laboratories, Inc.",
    "licenseConcluded" : "Zlib"
  }, {
    "SPDXID" : "SPDXRef-simplicity_sdk-2025.6.2-i2cspm_core",
    "name" : "I2CSPM Core",
    "versionInfo" : "2025.6.2",
    "primaryPackagePurpose" : "LIBRARY",
    "downloadLocation" : "NOASSERTION",
    "supplier" : "Organization: Silicon Laboratories, Inc.",
    "licenseConcluded" : "Zlib"
  }, {
    "SPDXID" : "SPDXRef-simplicity_sdk-2025.6.2-emlib_i2c",
    "name" : "I2C",
    "versionInfo" : "2025.6.2",
    "primaryPackagePurpose" : "LIBRARY",
    "downloadLocation" : "NOASSERTION",
    "supplier" : "Organization: Silicon Laboratories, Inc.",
    "licenseConcluded" : "Zlib"
  }, {
    "SPDXID" : "SPDXRef-simplicity_sdk-2025.6.2-udelay",
    "name" : "Microsecond Delay",
    "versionInfo" : "2025.6.2",
    "primaryPackagePurpose" : "LIBRARY",
    "downloadLocation" : "NOASSERTION",
    "supplier" : "Organization: Silicon Laboratories, Inc.",
    "licenseConcluded" : "Zlib"
  }, {
    "SPDXID" : "SPDXRef-simplicity_sdk-2025.6.2-sleeptimer",
    "name" : "Sleep Timer",
    "versionInfo" : "2025.6.2",
    "primaryPackagePurpose" : "LIBRARY",
    "downloadLocation" : "NOASSERTION",
    "supplier" : "Organization: Silicon Laboratories, Inc.",
    "licenseConcluded" : "Zlib"
  }, {
    "SPDXID" : "SPDXRef-simplicity_sdk-2025.6.2-emlib_burtc",
    "name" : "BURTC",
    "versionInfo" : "2025.6.2",
    "primaryPackagePurpose" : "LIBRARY",
    "downloadLocation" : "NOASSERTION",
    "supplier" : "Organization: Silicon Laboratories, Inc.",
    "licenseConcluded" : "Zlib"
  }, {
    "SPDXID" : "SPDXRef-simplicity_sdk-2025.6.2-hal_sysrtc",
    "name" : "SYSRTC",
    "versionInfo" : "2025.6.2",
    "primaryPackagePurpose" : "LIBRARY",
    "downloadLocation" : "NOASSERTION",
    "supplier" : "Organization: Silicon Laboratories, Inc.",
    "licenseConcluded" : "Zlib"
  }, {
    "SPDXID" : "SPDXRef-simplicity_sdk-2025.6.2-emlib_timer",
    "name" : "TIMER",
    "versionInfo" : "2025.6.2",
    "primaryPackagePurpose" : "LIBRARY",
    "downloadLocation" : "NOASSERTION",
    "supplier" : "Organization: Silicon Laboratories, Inc.",
    "licenseConcluded" : "Zlib"
  }, {
    "SPDXID" : "SPDXRef-simplicity_sdk-2025.6.2-emlib_prs",
    "name" : "PRS",
    "versionInfo" : "2025.6.2",
    "primaryPackagePurpose" : "LIBRARY",
    "downloadLocation" : "NOASSERTION",
    "supplier" : "Organization: Silicon Laboratories, Inc.",
    "licenseConcluded" : "Zlib"
  } ],
  "relationships" : [ {
    "spdxElementId" : "SPDXRef-DOCUMENT",
    "relatedSpdxElement" : "SPDXRef-simplicity_sdk-2025.6.2",
    "relationshipType" : "DESCRIBES"
  }, {
    "spdxElementId" : "SPDXRef-simplicity_sdk-2025.6.2",
    "relatedSpdxElement" : "SPDXRef-simplicity_sdk-2025.6.2-MGM260PD32VNA",
    "relationshipType" : "CONTAINS"
  }, {
    "spdxElementId" : "SPDXRef-simplicity_sdk-2025.6.2",
    "relatedSpdxElement" : "SPDXRef-simplicity_sdk-2025.6.2-brd2713a_a04",
    "relationshipType" : "CONTAINS"
  }, {
    "spdxElementId" : "SPDXRef-simplicity_sdk-2025.6.2",
    "relatedSpdxElement" : "SPDXRef-simplicity_sdk-2025.6.2-clock_manager",
    "relationshipType" : "CONTAINS"
  }, {
    "spdxElementId" : "SPDXRef-simplicity_sdk-2025.6.2",
    "relatedSpdxElement" : "SPDXRef-simplicity_sdk-2025.6.2-device_init",
    "relationshipType" : "CONTAINS"
  }, {
    "spdxElementId" : "SPDXRef-simplicity_sdk-2025.6.2",
    "relatedSpdxElement" : "SPDXRef-simplicity_sdk-2025.6.2-iostream",
    "relationshipType" : "CONTAINS"
  }, {
    "spdxElementId" : "SPDXRef-simplicity_sdk-2025.6.2",
    "relatedSpdxElement" : "SPDXRef-simplicity_sdk-2025.6.2-iostream_eusart",
    "relationshipType" : "CONTAINS"
  }, {
    "spdxElementId" : "SPDXRef-simplicity_sdk-2025.6.2",
    "relatedSpdxElement" : "SPDXRef-simplicity_sdk-2025.6.2-iostream_retarget_stdio",
    "relationshipType" : "CONTAINS"
  }, {
    "spdxElementId" : "SPDXRef-simplicity_sdk-2025.6.2",
    "relatedSpdxElement" : "SPDXRef-simplicity_sdk-2025.6.2-sl_main",
    "relationshipType" : "CONTAINS"
  }, {
    "spdxElementId" : "SPDXRef-simplicity_sdk-2025.6.2",
    "relatedSpdxElement" : "SPDXRef-simplicity_sdk-2025.6.2-dmadrv_core",
    "relationshipType" : "CONTAINS"
  }, {
    "spdxElementId" : "SPDXRef-simplicity_sdk-2025.6.2",
    "relatedSpdxElement" : "SPDXRef-simplicity_sdk-2025.6.2-device_manager",
    "relationshipType" : "CONTAINS"
  }, {
    "spdxElementId" : "SPDXRef-simplicity_sdk-2025.6.2",
    "relatedSpdxElement" : "SPDXRef-simplicity_sdk-2025.6.2-board_control",
    "relationshipType" : "CONTAINS"
  }, {
    "spdxElementId" : "SPDXRef-simplicity_sdk-2025.6.2",
    "relatedSpdxElement" : "SPDXRef-simplicity_sdk-2025.6.2-emlib_eusart",
    "relationshipType" : "CONTAINS"
  }, {
    "spdxElementId" : "SPDXRef-simplicity_sdk-2025.6.2",
    "relatedSpdxElement" : "SPDXRef-simplicity_sdk-2025.6.2-device_init_core",
    "relationshipType" : "CONTAINS"
  }, {
    "spdxElementId" : "SPDXRef-simplicity_sdk-2025.6.2",
    "relatedSpdxElement" : "SPDXRef-simplicity_sdk-2025.6.2-emlib_system",
    "relationshipType" : "CONTAINS"
  }, {
    "spdxElementId" : "SPDXRef-simplicity_sdk-2025.6.2",
    "relatedSpdxElement" : "SPDXRef-simplicity_sdk-2025.6.2-clock_manager_init_hal_s2",
    "relationshipType" : "CONTAINS"
  }, {
    "spdxElementId" : "SPDXRef-simplicity_sdk-2025.6.2",
    "relatedSpdxElement" : "SPDXRef-simplicity_sdk-2025.6.2-hal_gpio",
    "relationshipType" : "CONTAINS"
  }, {
    "spdxElementId" : "SPDXRef-simplicity_sdk-2025.6.2",
    "relatedSpdxElement" : "SPDXRef-simplicity_sdk-2025.6.2-slist",
    "relationshipType" : "CONTAINS"
  }, {
    "spdxElementId" : "SPDXRef-simplicity_sdk-2025.6.2",
    "relatedSpdxElement" : "SPDXRef-simplicity_sdk-2025.6.2-device_gpio",
    "relationshipType" : "CONTAINS"
  }, {
    "spdxElementId" : "SPDXRef-simplicity_sdk-2025.6.2",
    "relatedSpdxElement" : "SPDXRef-simplicity_sdk-2025.6.2-event_handler",
    "relationshipType" : "CONTAINS"
  }, {
    "spdxElementId" : "SPDXRef-simplicity_sdk-2025.6.2",
    "relatedSpdxElement" : "SPDXRef-simplicity_sdk-2025.6.2-emlib_msc",
    "relationshipType" : "CONTAINS"
  }, {
    "spdxElementId" : "SPDXRef-simplicity_sdk-2025.6.2",
    "relatedSpdxElement" : "SPDXRef-simplicity_sdk-2025.6.2-device_i2c",
    "relationshipType" : "CONTAINS"
  }, {
    "spdxElementId" : "SPDXRef-simplicity_sdk-2025.6.2",
    "relatedSpdxElement" : "SPDXRef-simplicity_sdk-2025.6.2-hal_prs",
    "relationshipType" : "CONTAINS"
  }, {
    "spdxElementId" : "SPDXRef-simplicity_sdk-2025.6.2",
    "relatedSpdxElement" : "SPDXRef-simplicity_sdk-2025.6.2-device_init_dcdc",
    "relationshipType" : "CONTAINS"
  }, {
    "spdxElementId" : "SPDXRef-simplicity_sdk-2025.6.2",
    "relatedSpdxElement" : "SPDXRef-simplicity_sdk-2025.6.2-debug_swo",
    "relationshipType" : "CONTAINS"
  }, {
    "spdxElementId" : "SPDXRef-simplicity_sdk-2025.6.2",
    "relatedSpdxElement" : "SPDXRef-simplicity_sdk-2025.6.2-device_init_emu",
    "relationshipType" : "CONTAINS"
  }, {
    "spdxElementId" : "SPDXRef-simplicity_sdk-2025.6.2",
    "relatedSpdxElement" : "SPDXRef-simplicity_sdk-2025.6.2-enum",
    "relationshipType" : "CONTAINS"
  }, {
    "spdxElementId" : "SPDXRef-simplicity_sdk-2025.6.2",
    "relatedSpdxElement" : "SPDXRef-simplicity_sdk-2025.6.2-interrupt_manager_cortexm",
    "relationshipType" : "CONTAINS"
  }, {
    "spdxElementId" : "SPDXRef-simplicity_sdk-2025.6.2",
    "relatedSpdxElement" : "SPDXRef-simplicity_sdk-2025.6.2-sl_main_memory_init",
    "relationshipType" : "CONTAINS"
  }, {
    "spdxElementId" : "SPDXRef-simplicity_sdk-2025.6.2",
    "relatedSpdxElement" : "SPDXRef-simplicity_sdk-2025.6.2-sl_string",
    "relationshipType" : "CONTAINS"
  }, {
    "spdxElementId" : "SPDXRef-simplicity_sdk-2025.6.2",
    "relatedSpdxElement" : "SPDXRef-simplicity_sdk-2025.6.2-atomic",
    "relationshipType" : "CONTAINS"
  }, {
    "spdxElementId" : "SPDXRef-simplicity_sdk-2025.6.2",
    "relatedSpdxElement" : "SPDXRef-simplicity_sdk-2025.6.2-code_classification",
    "relationshipType" : "CONTAINS"
  }, {
    "spdxElementId" : "SPDXRef-simplicity_sdk-2025.6.2",
    "relatedSpdxElement" : "SPDXRef-simplicity_sdk-2025.6.2-configuration_over_swo",
    "relationshipType" : "CONTAINS"
  }, {
    "spdxElementId" : "SPDXRef-simplicity_sdk-2025.6.2",
    "relatedSpdxElement" : "SPDXRef-simplicity_sdk-2025.6.2-brd2713a",
    "relationshipType" : "CONTAINS"
  }, {
    "spdxElementId" : "SPDXRef-simplicity_sdk-2025.6.2",
    "relatedSpdxElement" : "SPDXRef-simplicity_sdk-2025.6.2-status",
    "relationshipType" : "CONTAINS"
  }, {
    "spdxElementId" : "SPDXRef-simplicity_sdk-2025.6.2",
    "relatedSpdxElement" : "SPDXRef-simplicity_sdk-2025.6.2-emlib_chip",
    "relationshipType" : "CONTAINS"
  }, {
    "spdxElementId" : "SPDXRef-simplicity_sdk-2025.6.2",
    "relatedSpdxElement" : "SPDXRef-simplicity_sdk-2025.6.2-emlib_gpio",
    "relationshipType" : "CONTAINS"
  }, {
    "spdxElementId" : "SPDXRef-simplicity_sdk-2025.6.2",
    "relatedSpdxElement" : "SPDXRef-simplicity_sdk-2025.6.2-device_clock_hal",
    "relationshipType" : "CONTAINS"
  }, {
    "spdxElementId" : "SPDXRef-simplicity_sdk-2025.6.2",
    "relatedSpdxElement" : "SPDXRef-simplicity_sdk-2025.6.2-emlib_ldma",
    "relationshipType" : "CONTAINS"
  }, {
    "spdxElementId" : "SPDXRef-simplicity_sdk-2025.6.2",
    "relatedSpdxElement" : "SPDXRef-simplicity_sdk-2025.6.2-sl_assert",
    "relationshipType" : "CONTAINS"
  }, {
    "spdxElementId" : "SPDXRef-simplicity_sdk-2025.6.2",
    "relatedSpdxElement" : "SPDXRef-simplicity_sdk-2025.6.2-device_clock",
    "relationshipType" : "CONTAINS"
  }, {
    "spdxElementId" : "SPDXRef-simplicity_sdk-2025.6.2",
    "relatedSpdxElement" : "SPDXRef-simplicity_sdk-2025.6.2-component_catalog",
    "relationshipType" : "CONTAINS"
  }, {
    "spdxElementId" : "SPDXRef-simplicity_sdk-2025.6.2",
    "relatedSpdxElement" : "SPDXRef-simplicity_sdk-2025.6.2-emlib_emu",
    "relationshipType" : "CONTAINS"
  }, {
    "spdxElementId" : "SPDXRef-simplicity_sdk-2025.6.2",
    "relatedSpdxElement" : "SPDXRef-simplicity_sdk-2025.6.2-MGM260PD32VNA_config",
    "relationshipType" : "CONTAINS"
  }, {
    "spdxElementId" : "SPDXRef-simplicity_sdk-2025.6.2",
    "relatedSpdxElement" : "SPDXRef-simplicity_sdk-2025.6.2-emlib_cmu",
    "relationshipType" : "CONTAINS"
  }, {
    "spdxElementId" : "SPDXRef-simplicity_sdk-2025.6.2",
    "relatedSpdxElement" : "SPDXRef-simplicity_sdk-2025.6.2-clock_manager_runtime_hal_s2",
    "relationshipType" : "CONTAINS"
  }, {
    "spdxElementId" : "SPDXRef-simplicity_sdk-2025.6.2",
    "relatedSpdxElement" : "SPDXRef-simplicity_sdk-2025.6.2-emlib_syscfg",
    "relationshipType" : "CONTAINS"
  }, {
    "spdxElementId" : "SPDXRef-simplicity_sdk-2025.6.2",
    "relatedSpdxElement" : "SPDXRef-simplicity_sdk-2025.6.2-hal_eusart",
    "relationshipType" : "CONTAINS"
  }, {
    "spdxElementId" : "SPDXRef-simplicity_sdk-2025.6.2",
    "relatedSpdxElement" : "SPDXRef-simplicity_sdk-2025.6.2-iostream_eusart_core",
    "relationshipType" : "CONTAINS"
  }, {
    "spdxElementId" : "SPDXRef-simplicity_sdk-2025.6.2",
    "relatedSpdxElement" : "SPDXRef-simplicity_sdk-2025.6.2-dmadrv",
    "relationshipType" : "CONTAINS"
  }, {
    "spdxElementId" : "SPDXRef-simplicity_sdk-2025.6.2",
    "relatedSpdxElement" : "SPDXRef-simplicity_sdk-2025.6.2-sl_core",
    "relationshipType" : "CONTAINS"
  }, {
    "spdxElementId" : "SPDXRef-simplicity_sdk-2025.6.2",
    "relatedSpdxElement" : "SPDXRef-simplicity_sdk-2025.6.2-hal_common",
    "relationshipType" : "CONTAINS"
  }, {
    "spdxElementId" : "SPDXRef-simplicity_sdk-2025.6.2",
    "relatedSpdxElement" : "SPDXRef-simplicity_sdk-2025.6.2-emlib_common",
    "relationshipType" : "CONTAINS"
  }, {
    "spdxElementId" : "SPDXRef-simplicity_sdk-2025.6.2",
    "relatedSpdxElement" : "SPDXRef-simplicity_sdk-2025.6.2-brd2713a_config",
    "relationshipType" : "CONTAINS"
  }, {
    "spdxElementId" : "SPDXRef-simplicity_sdk-2025.6.2",
    "relatedSpdxElement" : "SPDXRef-simplicity_sdk-2025.6.2-device_peripheral_hal",
    "relationshipType" : "CONTAINS"
  }, {
    "spdxElementId" : "SPDXRef-simplicity_sdk-2025.6.2",
    "relatedSpdxElement" : "SPDXRef-simplicity_sdk-2025.6.2-cmsis_core",
    "relationshipType" : "CONTAINS"
  }, {
    "spdxElementId" : "SPDXRef-simplicity_sdk-2025.6.2-cmsis_core",
    "relatedSpdxElement" : "SPDXRef-cmsis_core-5.8.0",
    "relationshipType" : "ANCESTOR_OF"
  }, {
    "spdxElementId" : "SPDXRef-simplicity_sdk-2025.6.2",
    "relatedSpdxElement" : "SPDXRef-simplicity_sdk-2025.6.2-interrupt_manager",
    "relationshipType" : "CONTAINS"
  }, {
    "spdxElementId" : "SPDXRef-simplicity_sdk-2025.6.2",
    "relatedSpdxElement" : "SPDXRef-simplicity_sdk-2025.6.2-emlib_core",
    "relationshipType" : "CONTAINS"
  }, {
    "spdxElementId" : "SPDXRef-simplicity_sdk-2025.6.2",
    "relatedSpdxElement" : "SPDXRef-simplicity_sdk-2025.6.2-ecode",
    "relationshipType" : "CONTAINS"
  }, {
    "spdxElementId" : "SPDXRef-simplicity_sdk-2025.6.2",
    "relatedSpdxElement" : "SPDXRef-simplicity_sdk-2025.6.2-iostream_uart_common",
    "relationshipType" : "CONTAINS"
  }, {
    "spdxElementId" : "SPDXRef-simplicity_sdk-2025.6.2",
    "relatedSpdxElement" : "SPDXRef-simplicity_sdk-2025.6.2-clock_manager_runtime",
    "relationshipType" : "CONTAINS"
  }, {
    "spdxElementId" : "SPDXRef-simplicity_sdk-2025.6.2",
    "relatedSpdxElement" : "SPDXRef-simplicity_sdk-2025.6.2-sl_common",
    "relationshipType" : "CONTAINS"
  }, {
    "spdxElementId" : "SPDXRef-simplicity_sdk-2025.6.2",
    "relatedSpdxElement" : "SPDXRef-simplicity_sdk-2025.6.2-device_peripheral",
    "relationshipType" : "CONTAINS"
  }, {
    "spdxElementId" : "SPDXRef-simplicity_sdk-2025.6.2",
    "relatedSpdxElement" : "SPDXRef-simplicity_sdk-2025.6.2-sl_main_init",
    "relationshipType" : "CONTAINS"
  }, {
    "spdxElementId" : "SPDXRef-simplicity_sdk-2025.6.2",
    "relatedSpdxElement" : "SPDXRef-simplicity_sdk-2025.6.2-sl_main_process_action",
    "relationshipType" : "CONTAINS"
  }, {
    "spdxElementId" : "SPDXRef-simplicity_sdk-2025.6.2",
    "relatedSpdxElement" : "SPDXRef-simplicity_sdk-2025.6.2-gpio",
    "relationshipType" : "CONTAINS"
  }, {
    "spdxElementId" : "SPDXRef-simplicity_sdk-2025.6.2",
    "relatedSpdxElement" : "SPDXRef-simplicity_sdk-2025.6.2-i2cspm",
    "relationshipType" : "CONTAINS"
  }, {
    "spdxElementId" : "SPDXRef-simplicity_sdk-2025.6.2",
    "relatedSpdxElement" : "SPDXRef-simplicity_sdk-2025.6.2-i2cspm_core",
    "relationshipType" : "CONTAINS"
  }, {
    "spdxElementId" : "SPDXRef-simplicity_sdk-2025.6.2",
    "relatedSpdxElement" : "SPDXRef-simplicity_sdk-2025.6.2-emlib_i2c",
    "relationshipType" : "CONTAINS"
  }, {
    "spdxElementId" : "SPDXRef-simplicity_sdk-2025.6.2",
    "relatedSpdxElement" : "SPDXRef-simplicity_sdk-2025.6.2-udelay",
    "relationshipType" : "CONTAINS"
  }, {
    "spdxElementId" : "SPDXRef-simplicity_sdk-2025.6.2",
    "relatedSpdxElement" : "SPDXRef-simplicity_sdk-2025.6.2-sleeptimer",
    "relationshipType" : "CONTAINS"
  }, {
    "spdxElementId" : "SPDXRef-simplicity_sdk-2025.6.2",
    "relatedSpdxElement" : "SPDXRef-simplicity_sdk-2025.6.2-emlib_burtc",
    "relationshipType" : "CONTAINS"
  }, {
    "spdxElementId" : "SPDXRef-simplicity_sdk-2025.6.2",
    "relatedSpdxElement" : "SPDXRef-simplicity_sdk-2025.6.2-hal_sysrtc",
    "relationshipType" : "CONTAINS"
  }, {
    "spdxElementId" : "SPDXRef-simplicity_sdk-2025.6.2",
    "relatedSpdxElement" : "SPDXRef-simplicity_sdk-2025.6.2-emlib_timer",
    "relationshipType" : "CONTAINS"
  }, {
    "spdxElementId" : "SPDXRef-simplicity_sdk-2025.6.2",
    "relatedSpdxElement" : "SPDXRef-simplicity_sdk-2025.6.2-emlib_prs",
    "relationshipType" : "CONTAINS"
  } ]
}